,x,y,z,driver_number,date,session_key,rpm,speed,n_gear,throttle,brake,drs
0,-7654,-6748,502,4,2023-05-28 13:07:18,9094,10671,265,7,99,0,0
1,-7654,-6748,502,4,2023-05-28 13:07:18,9094,10729,268,7,98,0,0
2,-7654,-6748,502,4,2023-05-28 13:07:18,9094,11149,262,7,0,0,0
3,-7669,-6498,502,4,2023-05-28 13:07:18,9094,10671,265,7,99,0,0
4,-7669,-6498,502,4,2023-05-28 13:07:18,9094,10729,268,7,98,0,0
5,-7669,-6498,502,4,2023-05-28 13:07:18,9094,11149,262,7,0,0,0
6,-7681,-6247,503,4,2023-05-28 13:07:18,9094,10671,265,7,99,0,0
7,-7681,-6247,503,4,2023-05-28 13:07:18,9094,10729,268,7,98,0,0
8,-7681,-6247,503,4,2023-05-28 13:07:18,9094,11149,262,7,0,0,0
9,-7670,-6013,503,4,2023-05-28 13:07:19,9094,11537,257,6,0,0,0
10,-7670,-6013,503,4,2023-05-28 13:07:19,9094,11317,248,6,0,100,0
11,-7670,-6013,503,4,2023-05-28 13:07:19,9094,10831,235,6,0,100,0
12,-7670,-6013,503,4,2023-05-28 13:07:19,9094,9513,202,6,0,100,0
13,-7659,-5858,503,4,2023-05-28 13:07:19,9094,11537,257,6,0,0,0
14,-7659,-5858,503,4,2023-05-28 13:07:19,9094,11317,248,6,0,100,0
15,-7659,-5858,503,4,2023-05-28 13:07:19,9094,10831,235,6,0,100,0
16,-7659,-5858,503,4,2023-05-28 13:07:19,9094,9513,202,6,0,100,0
17,-7645,-5721,503,4,2023-05-28 13:07:19,9094,11537,257,6,0,0,0
18,-7645,-5721,503,4,2023-05-28 13:07:19,9094,11317,248,6,0,100,0
19,-7645,-5721,503,4,2023-05-28 13:07:19,9094,10831,235,6,0,100,0
20,-7645,-5721,503,4,2023-05-28 13:07:19,9094,9513,202,6,0,100,0
21,-7632,-5616,506,4,2023-05-28 13:07:19,9094,11537,257,6,0,0,0
22,-7632,-5616,506,4,2023-05-28 13:07:19,9094,11317,248,6,0,100,0
23,-7632,-5616,506,4,2023-05-28 13:07:19,9094,10831,235,6,0,100,0
24,-7632,-5616,506,4,2023-05-28 13:07:19,9094,9513,202,6,0,100,0
25,-7613,-5495,514,4,2023-05-28 13:07:19,9094,11537,257,6,0,0,0
26,-7613,-5495,514,4,2023-05-28 13:07:19,9094,11317,248,6,0,100,0
27,-7613,-5495,514,4,2023-05-28 13:07:19,9094,10831,235,6,0,100,0
28,-7613,-5495,514,4,2023-05-28 13:07:19,9094,9513,202,6,0,100,0
29,-7595,-5394,514,4,2023-05-28 13:07:20,9094,9590,184,6,0,100,0
30,-7595,-5394,514,4,2023-05-28 13:07:20,9094,9490,160,6,0,100,0
31,-7595,-5394,514,4,2023-05-28 13:07:20,9094,10216,148,6,0,100,0
32,-7595,-5394,514,4,2023-05-28 13:07:20,9094,9516,129,3,0,100,0
33,-7558,-5223,521,4,2023-05-28 13:07:20,9094,9590,184,6,0,100,0
34,-7558,-5223,521,4,2023-05-28 13:07:20,9094,9490,160,6,0,100,0
35,-7558,-5223,521,4,2023-05-28 13:07:20,9094,10216,148,6,0,100,0
36,-7558,-5223,521,4,2023-05-28 13:07:20,9094,9516,129,3,0,100,0
37,-7538,-5142,521,4,2023-05-28 13:07:20,9094,9590,184,6,0,100,0
38,-7538,-5142,521,4,2023-05-28 13:07:20,9094,9490,160,6,0,100,0
39,-7538,-5142,521,4,2023-05-28 13:07:20,9094,10216,148,6,0,100,0
40,-7538,-5142,521,4,2023-05-28 13:07:20,9094,9516,129,3,0,100,0
41,-7493,-4980,526,4,2023-05-28 13:07:20,9094,9590,184,6,0,100,0
42,-7493,-4980,526,4,2023-05-28 13:07:20,9094,9490,160,6,0,100,0
43,-7493,-4980,526,4,2023-05-28 13:07:20,9094,10216,148,6,0,100,0
44,-7493,-4980,526,4,2023-05-28 13:07:20,9094,9516,129,3,0,100,0
45,-7461,-4880,530,4,2023-05-28 13:07:21,9094,8629,129,3,0,100,0
46,-7461,-4880,530,4,2023-05-28 13:07:21,9094,8032,117,3,0,100,0
47,-7461,-4880,530,4,2023-05-28 13:07:21,9094,7958,112,3,0,100,0
48,-7461,-4880,530,4,2023-05-28 13:07:21,9094,7716,109,3,0,0,0
49,-7436,-4815,534,4,2023-05-28 13:07:21,9094,8629,129,3,0,100,0
50,-7436,-4815,534,4,2023-05-28 13:07:21,9094,8032,117,3,0,100,0
51,-7436,-4815,534,4,2023-05-28 13:07:21,9094,7958,112,3,0,100,0
52,-7436,-4815,534,4,2023-05-28 13:07:21,9094,7716,109,3,0,0,0
53,-7411,-4762,535,4,2023-05-28 13:07:21,9094,8629,129,3,0,100,0
54,-7411,-4762,535,4,2023-05-28 13:07:21,9094,8032,117,3,0,100,0
55,-7411,-4762,535,4,2023-05-28 13:07:21,9094,7958,112,3,0,100,0
56,-7411,-4762,535,4,2023-05-28 13:07:21,9094,7716,109,3,0,0,0
57,-7383,-4720,536,4,2023-05-28 13:07:21,9094,8629,129,3,0,100,0
58,-7383,-4720,536,4,2023-05-28 13:07:21,9094,8032,117,3,0,100,0
59,-7383,-4720,536,4,2023-05-28 13:07:21,9094,7958,112,3,0,100,0
60,-7383,-4720,536,4,2023-05-28 13:07:21,9094,7716,109,3,0,0,0
61,-7354,-4690,537,4,2023-05-28 13:07:22,9094,7481,105,3,0,0,0
62,-7354,-4690,537,4,2023-05-28 13:07:22,9094,7343,102,3,1,0,0
63,-7354,-4690,537,4,2023-05-28 13:07:22,9094,7514,102,3,1,0,0
64,-7354,-4690,537,4,2023-05-28 13:07:22,9094,8086,109,3,64,0,0
65,-7268,-4645,539,4,2023-05-28 13:07:22,9094,7481,105,3,0,0,0
66,-7268,-4645,539,4,2023-05-28 13:07:22,9094,7343,102,3,1,0,0
67,-7268,-4645,539,4,2023-05-28 13:07:22,9094,7514,102,3,1,0,0
68,-7268,-4645,539,4,2023-05-28 13:07:22,9094,8086,109,3,64,0,0
69,-7201,-4625,542,4,2023-05-28 13:07:22,9094,7481,105,3,0,0,0
70,-7201,-4625,542,4,2023-05-28 13:07:22,9094,7343,102,3,1,0,0
71,-7201,-4625,542,4,2023-05-28 13:07:22,9094,7514,102,3,1,0,0
72,-7201,-4625,542,4,2023-05-28 13:07:22,9094,8086,109,3,64,0,0
73,-7143,-4613,544,4,2023-05-28 13:07:22,9094,7481,105,3,0,0,0
74,-7143,-4613,544,4,2023-05-28 13:07:22,9094,7343,102,3,1,0,0
75,-7143,-4613,544,4,2023-05-28 13:07:22,9094,7514,102,3,1,0,0
76,-7143,-4613,544,4,2023-05-28 13:07:22,9094,8086,109,3,64,0,0
77,-7101,-4607,546,4,2023-05-28 13:07:22,9094,7481,105,3,0,0,0
78,-7101,-4607,546,4,2023-05-28 13:07:22,9094,7343,102,3,1,0,0
79,-7101,-4607,546,4,2023-05-28 13:07:22,9094,7514,102,3,1,0,0
80,-7101,-4607,546,4,2023-05-28 13:07:22,9094,8086,109,3,64,0,0
81,-6991,-4594,555,4,2023-05-28 13:07:23,9094,8647,117,3,70,0,0
82,-6991,-4594,555,4,2023-05-28 13:07:23,9094,9402,128,3,86,0,0
83,-6991,-4594,555,4,2023-05-28 13:07:23,9094,10129,136,3,89,0,0
84,-6991,-4594,555,4,2023-05-28 13:07:23,9094,10436,140,3,89,0,0
85,-6848,-4582,563,4,2023-05-28 13:07:23,9094,8647,117,3,70,0,0
86,-6848,-4582,563,4,2023-05-28 13:07:23,9094,9402,128,3,86,0,0
87,-6848,-4582,563,4,2023-05-28 13:07:23,9094,10129,136,3,89,0,0
88,-6848,-4582,563,4,2023-05-28 13:07:23,9094,10436,140,3,89,0,0
89,-6767,-4575,569,4,2023-05-28 13:07:23,9094,8647,117,3,70,0,0
90,-6767,-4575,569,4,2023-05-28 13:07:23,9094,9402,128,3,86,0,0
91,-6767,-4575,569,4,2023-05-28 13:07:23,9094,10129,136,3,89,0,0
92,-6767,-4575,569,4,2023-05-28 13:07:23,9094,10436,140,3,89,0,0
93,-6674,-4565,578,4,2023-05-28 13:07:23,9094,8647,117,3,70,0,0
94,-6674,-4565,578,4,2023-05-28 13:07:23,9094,9402,128,3,86,0,0
95,-6674,-4565,578,4,2023-05-28 13:07:23,9094,10129,136,3,89,0,0
96,-6674,-4565,578,4,2023-05-28 13:07:23,9094,10436,140,3,89,0,0
97,-6582,-4554,585,4,2023-05-28 13:07:24,9094,10304,166,3,99,0,0
98,-6582,-4554,585,4,2023-05-28 13:07:24,9094,10911,178,4,99,0,0
99,-6465,-4536,595,4,2023-05-28 13:07:24,9094,10304,166,3,99,0,0
100,-6465,-4536,595,4,2023-05-28 13:07:24,9094,10911,178,4,99,0,0
101,-6380,-4520,601,4,2023-05-28 13:07:24,9094,10304,166,3,99,0,0
102,-6380,-4520,601,4,2023-05-28 13:07:24,9094,10911,178,4,99,0,0
103,-6192,-4478,618,4,2023-05-28 13:07:25,9094,10822,188,4,99,0,0
104,-6192,-4478,618,4,2023-05-28 13:07:25,9094,10283,195,5,99,0,0
105,-6192,-4478,618,4,2023-05-28 13:07:25,9094,10843,201,5,99,0,0
106,-6192,-4478,618,4,2023-05-28 13:07:25,9094,10860,207,5,98,0,0
107,-6192,-4478,618,4,2023-05-28 13:07:25,9094,11407,215,5,99,0,0
108,-6056,-4444,631,4,2023-05-28 13:07:25,9094,10822,188,4,99,0,0
109,-6056,-4444,631,4,2023-05-28 13:07:25,9094,10283,195,5,99,0,0
110,-6056,-4444,631,4,2023-05-28 13:07:25,9094,10843,201,5,99,0,0
111,-6056,-4444,631,4,2023-05-28 13:07:25,9094,10860,207,5,98,0,0
112,-6056,-4444,631,4,2023-05-28 13:07:25,9094,11407,215,5,99,0,0
113,-5848,-4393,650,4,2023-05-28 13:07:25,9094,10822,188,4,99,0,0
114,-5848,-4393,650,4,2023-05-28 13:07:25,9094,10283,195,5,99,0,0
115,-5848,-4393,650,4,2023-05-28 13:07:25,9094,10843,201,5,99,0,0
116,-5848,-4393,650,4,2023-05-28 13:07:25,9094,10860,207,5,98,0,0
117,-5848,-4393,650,4,2023-05-28 13:07:25,9094,11407,215,5,99,0,0
118,-5688,-4353,664,4,2023-05-28 13:07:26,9094,11482,220,5,98,0,0
119,-5688,-4353,664,4,2023-05-28 13:07:26,9094,10642,227,5,99,0,0
120,-5688,-4353,664,4,2023-05-28 13:07:26,9094,10253,233,6,99,0,0
121,-5475,-4298,684,4,2023-05-28 13:07:26,9094,11482,220,5,98,0,0
122,-5475,-4298,684,4,2023-05-28 13:07:26,9094,10642,227,5,99,0,0
123,-5475,-4298,684,4,2023-05-28 13:07:26,9094,10253,233,6,99,0,0
124,-5241,-4242,707,4,2023-05-28 13:07:26,9094,11482,220,5,98,0,0
125,-5241,-4242,707,4,2023-05-28 13:07:26,9094,10642,227,5,99,0,0
126,-5241,-4242,707,4,2023-05-28 13:07:26,9094,10253,233,6,99,0,0
127,-5203,-4235,710,4,2023-05-28 13:07:26,9094,11482,220,5,98,0,0
128,-5203,-4235,710,4,2023-05-28 13:07:26,9094,10642,227,5,99,0,0
129,-5203,-4235,710,4,2023-05-28 13:07:26,9094,10253,233,6,99,0,0
130,-5036,-4212,726,4,2023-05-28 13:07:27,9094,10910,239,6,99,0,0
131,-5036,-4212,726,4,2023-05-28 13:07:27,9094,11027,244,6,99,0,0
132,-5036,-4212,726,4,2023-05-28 13:07:27,9094,11027,247,6,99,0,0
133,-5036,-4212,726,4,2023-05-28 13:07:27,9094,11373,249,6,98,0,0
134,-4780,-4188,749,4,2023-05-28 13:07:27,9094,10910,239,6,99,0,0
135,-4780,-4188,749,4,2023-05-28 13:07:27,9094,11027,244,6,99,0,0
136,-4780,-4188,749,4,2023-05-28 13:07:27,9094,11027,247,6,99,0,0
137,-4780,-4188,749,4,2023-05-28 13:07:27,9094,11373,249,6,98,0,0
138,-4648,-4166,762,4,2023-05-28 13:07:27,9094,10910,239,6,99,0,0
139,-4648,-4166,762,4,2023-05-28 13:07:27,9094,11027,244,6,99,0,0
140,-4648,-4166,762,4,2023-05-28 13:07:27,9094,11027,247,6,99,0,0
141,-4648,-4166,762,4,2023-05-28 13:07:27,9094,11373,249,6,98,0,0
142,-4545,-4137,772,4,2023-05-28 13:07:27,9094,10910,239,6,99,0,0
143,-4545,-4137,772,4,2023-05-28 13:07:27,9094,11027,244,6,99,0,0
144,-4545,-4137,772,4,2023-05-28 13:07:27,9094,11027,247,6,99,0,0
145,-4545,-4137,772,4,2023-05-28 13:07:27,9094,11373,249,6,98,0,0
146,-4416,-4083,783,4,2023-05-28 13:07:27,9094,10910,239,6,99,0,0
147,-4416,-4083,783,4,2023-05-28 13:07:27,9094,11027,244,6,99,0,0
148,-4416,-4083,783,4,2023-05-28 13:07:27,9094,11027,247,6,99,0,0
149,-4416,-4083,783,4,2023-05-28 13:07:27,9094,11373,249,6,98,0,0
150,-4235,-3992,800,4,2023-05-28 13:07:28,9094,11583,252,6,99,0,0
151,-4235,-3992,800,4,2023-05-28 13:07:28,9094,11623,254,6,99,0,0
152,-4235,-3992,800,4,2023-05-28 13:07:28,9094,11776,259,6,99,0,0
153,-4235,-3992,800,4,2023-05-28 13:07:28,9094,11776,261,6,99,0,0
154,-4028,-3893,816,4,2023-05-28 13:07:28,9094,11583,252,6,99,0,0
155,-4028,-3893,816,4,2023-05-28 13:07:28,9094,11623,254,6,99,0,0
156,-4028,-3893,816,4,2023-05-28 13:07:28,9094,11776,259,6,99,0,0
157,-4028,-3893,816,4,2023-05-28 13:07:28,9094,11776,261,6,99,0,0
158,-3881,-3836,829,4,2023-05-28 13:07:28,9094,11583,252,6,99,0,0
159,-3881,-3836,829,4,2023-05-28 13:07:28,9094,11623,254,6,99,0,0
160,-3881,-3836,829,4,2023-05-28 13:07:28,9094,11776,259,6,99,0,0
161,-3881,-3836,829,4,2023-05-28 13:07:28,9094,11776,261,6,99,0,0
162,-3546,-3750,851,4,2023-05-28 13:07:29,9094,11777,257,6,77,0,0
163,-3546,-3750,851,4,2023-05-28 13:07:29,9094,10970,241,6,0,100,0
164,-3546,-3750,851,4,2023-05-28 13:07:29,9094,10482,225,6,0,100,0
165,-3435,-3733,856,4,2023-05-28 13:07:29,9094,11777,257,6,77,0,0
166,-3435,-3733,856,4,2023-05-28 13:07:29,9094,10970,241,6,0,100,0
167,-3435,-3733,856,4,2023-05-28 13:07:29,9094,10482,225,6,0,100,0
168,-3315,-3718,859,4,2023-05-28 13:07:29,9094,11777,257,6,77,0,0
169,-3315,-3718,859,4,2023-05-28 13:07:29,9094,10970,241,6,0,100,0
170,-3315,-3718,859,4,2023-05-28 13:07:29,9094,10482,225,6,0,100,0
171,-3138,-3697,862,4,2023-05-28 13:07:29,9094,11777,257,6,77,0,0
172,-3138,-3697,862,4,2023-05-28 13:07:29,9094,10970,241,6,0,100,0
173,-3138,-3697,862,4,2023-05-28 13:07:29,9094,10482,225,6,0,100,0
174,-2985,-3673,861,4,2023-05-28 13:07:30,9094,11152,205,5,0,100,0
175,-2985,-3673,861,4,2023-05-28 13:07:30,9094,11858,197,4,0,100,0
176,-2985,-3673,861,4,2023-05-28 13:07:30,9094,11112,186,4,0,100,0
177,-2985,-3673,861,4,2023-05-28 13:07:30,9094,10720,181,4,0,100,0
178,-2817,-3631,861,4,2023-05-28 13:07:30,9094,11152,205,5,0,100,0
179,-2817,-3631,861,4,2023-05-28 13:07:30,9094,11858,197,4,0,100,0
180,-2817,-3631,861,4,2023-05-28 13:07:30,9094,11112,186,4,0,100,0
181,-2817,-3631,861,4,2023-05-28 13:07:30,9094,10720,181,4,0,100,0
182,-2720,-3594,862,4,2023-05-28 13:07:30,9094,11152,205,5,0,100,0
183,-2720,-3594,862,4,2023-05-28 13:07:30,9094,11858,197,4,0,100,0
184,-2720,-3594,862,4,2023-05-28 13:07:30,9094,11112,186,4,0,100,0
185,-2720,-3594,862,4,2023-05-28 13:07:30,9094,10720,181,4,0,100,0
186,-2623,-3545,863,4,2023-05-28 13:07:30,9094,11152,205,5,0,100,0
187,-2623,-3545,863,4,2023-05-28 13:07:30,9094,11858,197,4,0,100,0
188,-2623,-3545,863,4,2023-05-28 13:07:30,9094,11112,186,4,0,100,0
189,-2623,-3545,863,4,2023-05-28 13:07:30,9094,10720,181,4,0,100,0
190,-2465,-3428,865,4,2023-05-28 13:07:31,9094,11178,173,4,0,0,0
191,-2465,-3428,865,4,2023-05-28 13:07:31,9094,11469,162,3,0,100,0
192,-2465,-3428,865,4,2023-05-28 13:07:31,9094,11105,157,3,0,0,0
193,-2465,-3428,865,4,2023-05-28 13:07:31,9094,10828,154,3,0,0,0
194,-2345,-3278,867,4,2023-05-28 13:07:31,9094,11178,173,4,0,0,0
195,-2345,-3278,867,4,2023-05-28 13:07:31,9094,11469,162,3,0,100,0
196,-2345,-3278,867,4,2023-05-28 13:07:31,9094,11105,157,3,0,0,0
197,-2345,-3278,867,4,2023-05-28 13:07:31,9094,10828,154,3,0,0,0
198,-2302,-3185,868,4,2023-05-28 13:07:32,9094,10457,149,3,0,0,0
199,-2302,-3185,868,4,2023-05-28 13:07:32,9094,10343,145,3,0,0,0
200,-2302,-3185,868,4,2023-05-28 13:07:32,9094,9842,142,3,11,0,0
201,-2272,-3071,870,4,2023-05-28 13:07:32,9094,10457,149,3,0,0,0
202,-2272,-3071,870,4,2023-05-28 13:07:32,9094,10343,145,3,0,0,0
203,-2272,-3071,870,4,2023-05-28 13:07:32,9094,9842,142,3,11,0,0
204,-2262,-2935,871,4,2023-05-28 13:07:32,9094,10457,149,3,0,0,0
205,-2262,-2935,871,4,2023-05-28 13:07:32,9094,10343,145,3,0,0,0
206,-2262,-2935,871,4,2023-05-28 13:07:32,9094,9842,142,3,11,0,0
207,-2268,-2855,873,4,2023-05-28 13:07:32,9094,10457,149,3,0,0,0
208,-2268,-2855,873,4,2023-05-28 13:07:32,9094,10343,145,3,0,0,0
209,-2268,-2855,873,4,2023-05-28 13:07:32,9094,9842,142,3,11,0,0
210,-2283,-2771,874,4,2023-05-28 13:07:33,9094,9819,136,3,23,0,0
211,-2283,-2771,874,4,2023-05-28 13:07:33,9094,9924,138,3,44,0,0
212,-2283,-2771,874,4,2023-05-28 13:07:33,9094,10174,141,3,50,0,0
213,-2293,-2734,874,4,2023-05-28 13:07:33,9094,9819,136,3,23,0,0
214,-2293,-2734,874,4,2023-05-28 13:07:33,9094,9924,138,3,44,0,0
215,-2293,-2734,874,4,2023-05-28 13:07:33,9094,10174,141,3,50,0,0
216,-2326,-2641,884,4,2023-05-28 13:07:33,9094,9819,136,3,23,0,0
217,-2326,-2641,884,4,2023-05-28 13:07:33,9094,9924,138,3,44,0,0
218,-2326,-2641,884,4,2023-05-28 13:07:33,9094,10174,141,3,50,0,0
219,-2358,-2571,884,4,2023-05-28 13:07:33,9094,9819,136,3,23,0,0
220,-2358,-2571,884,4,2023-05-28 13:07:33,9094,9924,138,3,44,0,0
221,-2358,-2571,884,4,2023-05-28 13:07:33,9094,10174,141,3,50,0,0
222,-2400,-2497,885,4,2023-05-28 13:07:33,9094,9819,136,3,23,0,0
223,-2400,-2497,885,4,2023-05-28 13:07:33,9094,9924,138,3,44,0,0
224,-2400,-2497,885,4,2023-05-28 13:07:33,9094,10174,141,3,50,0,0
225,-2461,-2405,886,4,2023-05-28 13:07:34,9094,10345,144,3,50,0,0
226,-2461,-2405,886,4,2023-05-28 13:07:34,9094,10316,145,3,44,0,0
227,-2461,-2405,886,4,2023-05-28 13:07:34,9094,9900,141,3,0,100,0
228,-2461,-2405,886,4,2023-05-28 13:07:34,9094,9444,135,3,0,100,0
229,-2471,-2392,886,4,2023-05-28 13:07:34,9094,10345,144,3,50,0,0
230,-2471,-2392,886,4,2023-05-28 13:07:34,9094,10316,145,3,44,0,0
231,-2471,-2392,886,4,2023-05-28 13:07:34,9094,9900,141,3,0,100,0
232,-2471,-2392,886,4,2023-05-28 13:07:34,9094,9444,135,3,0,100,0
233,-2536,-2309,885,4,2023-05-28 13:07:34,9094,10345,144,3,50,0,0
234,-2536,-2309,885,4,2023-05-28 13:07:34,9094,10316,145,3,44,0,0
235,-2536,-2309,885,4,2023-05-28 13:07:34,9094,9900,141,3,0,100,0
236,-2536,-2309,885,4,2023-05-28 13:07:34,9094,9444,135,3,0,100,0
237,-2602,-2230,885,4,2023-05-28 13:07:34,9094,10345,144,3,50,0,0
238,-2602,-2230,885,4,2023-05-28 13:07:34,9094,10316,145,3,44,0,0
239,-2602,-2230,885,4,2023-05-28 13:07:34,9094,9900,141,3,0,100,0
240,-2602,-2230,885,4,2023-05-28 13:07:34,9094,9444,135,3,0,100,0
241,-2659,-2157,886,4,2023-05-28 13:07:34,9094,10345,144,3,50,0,0
242,-2659,-2157,886,4,2023-05-28 13:07:34,9094,10316,145,3,44,0,0
243,-2659,-2157,886,4,2023-05-28 13:07:34,9094,9900,141,3,0,100,0
244,-2659,-2157,886,4,2023-05-28 13:07:34,9094,9444,135,3,0,100,0
245,-2691,-2108,887,4,2023-05-28 13:07:35,9094,9240,130,3,0,0,0
246,-2691,-2108,887,4,2023-05-28 13:07:35,9094,8931,129,3,0,0,0
247,-2691,-2108,887,4,2023-05-28 13:07:35,9094,8833,124,3,3,0,0
248,-2725,-2038,889,4,2023-05-28 13:07:35,9094,9240,130,3,0,0,0
249,-2725,-2038,889,4,2023-05-28 13:07:35,9094,8931,129,3,0,0,0
250,-2725,-2038,889,4,2023-05-28 13:07:35,9094,8833,124,3,3,0,0
251,-2741,-1985,893,4,2023-05-28 13:07:35,9094,9240,130,3,0,0,0
252,-2741,-1985,893,4,2023-05-28 13:07:35,9094,8931,129,3,0,0,0
253,-2741,-1985,893,4,2023-05-28 13:07:35,9094,8833,124,3,3,0,0
254,-2747,-1904,893,4,2023-05-28 13:07:35,9094,9240,130,3,0,0,0
255,-2747,-1904,893,4,2023-05-28 13:07:35,9094,8931,129,3,0,0,0
256,-2747,-1904,893,4,2023-05-28 13:07:35,9094,8833,124,3,3,0,0
257,-2738,-1835,895,4,2023-05-28 13:07:35,9094,9240,130,3,0,0,0
258,-2738,-1835,895,4,2023-05-28 13:07:35,9094,8931,129,3,0,0,0
259,-2738,-1835,895,4,2023-05-28 13:07:35,9094,8833,124,3,3,0,0
260,-2712,-1748,895,4,2023-05-28 13:07:36,9094,8936,122,3,37,0,0
261,-2712,-1748,895,4,2023-05-28 13:07:36,9094,9192,125,3,49,0,0
262,-2712,-1748,895,4,2023-05-28 13:07:36,9094,9458,129,3,56,0,0
263,-2712,-1748,895,4,2023-05-28 13:07:36,9094,10065,135,3,63,0,0
264,-2691,-1697,894,4,2023-05-28 13:07:36,9094,8936,122,3,37,0,0
265,-2691,-1697,894,4,2023-05-28 13:07:36,9094,9192,125,3,49,0,0
266,-2691,-1697,894,4,2023-05-28 13:07:36,9094,9458,129,3,56,0,0
267,-2691,-1697,894,4,2023-05-28 13:07:36,9094,10065,135,3,63,0,0
268,-2638,-1598,886,4,2023-05-28 13:07:36,9094,8936,122,3,37,0,0
269,-2638,-1598,886,4,2023-05-28 13:07:36,9094,9192,125,3,49,0,0
270,-2638,-1598,886,4,2023-05-28 13:07:36,9094,9458,129,3,56,0,0
271,-2638,-1598,886,4,2023-05-28 13:07:36,9094,10065,135,3,63,0,0
272,-2572,-1500,877,4,2023-05-28 13:07:36,9094,8936,122,3,37,0,0
273,-2572,-1500,877,4,2023-05-28 13:07:36,9094,9192,125,3,49,0,0
274,-2572,-1500,877,4,2023-05-28 13:07:36,9094,9458,129,3,56,0,0
275,-2572,-1500,877,4,2023-05-28 13:07:36,9094,10065,135,3,63,0,0
276,-2499,-1408,867,4,2023-05-28 13:07:37,9094,10155,140,3,71,0,0
277,-2499,-1408,867,4,2023-05-28 13:07:37,9094,10912,144,3,80,0,0
278,-2499,-1408,867,4,2023-05-28 13:07:37,9094,11143,163,3,92,0,0
279,-2456,-1358,863,4,2023-05-28 13:07:37,9094,10155,140,3,71,0,0
280,-2456,-1358,863,4,2023-05-28 13:07:37,9094,10912,144,3,80,0,0
281,-2456,-1358,863,4,2023-05-28 13:07:37,9094,11143,163,3,92,0,0
282,-2392,-1287,857,4,2023-05-28 13:07:37,9094,10155,140,3,71,0,0
283,-2392,-1287,857,4,2023-05-28 13:07:37,9094,10912,144,3,80,0,0
284,-2392,-1287,857,4,2023-05-28 13:07:37,9094,11143,163,3,92,0,0
285,-2331,-1220,850,4,2023-05-28 13:07:37,9094,10155,140,3,71,0,0
286,-2331,-1220,850,4,2023-05-28 13:07:37,9094,10912,144,3,80,0,0
287,-2331,-1220,850,4,2023-05-28 13:07:37,9094,11143,163,3,92,0,0
288,-2231,-1102,840,4,2023-05-28 13:07:38,9094,11132,180,4,99,0,0
289,-2231,-1102,840,4,2023-05-28 13:07:38,9094,11955,185,4,99,0,0
290,-2231,-1102,840,4,2023-05-28 13:07:38,9094,11911,197,4,99,0,0
291,-2231,-1102,840,4,2023-05-28 13:07:38,9094,11623,198,4,67,100,0
292,-2231,-1102,840,4,2023-05-28 13:07:38,9094,11517,192,4,0,100,0
293,-2113,-938,823,4,2023-05-28 13:07:38,9094,11132,180,4,99,0,0
294,-2113,-938,823,4,2023-05-28 13:07:38,9094,11955,185,4,99,0,0
295,-2113,-938,823,4,2023-05-28 13:07:38,9094,11911,197,4,99,0,0
296,-2113,-938,823,4,2023-05-28 13:07:38,9094,11623,198,4,67,100,0
297,-2113,-938,823,4,2023-05-28 13:07:38,9094,11517,192,4,0,100,0
298,-2028,-813,811,4,2023-05-28 13:07:38,9094,11132,180,4,99,0,0
299,-2028,-813,811,4,2023-05-28 13:07:38,9094,11955,185,4,99,0,0
300,-2028,-813,811,4,2023-05-28 13:07:38,9094,11911,197,4,99,0,0
301,-2028,-813,811,4,2023-05-28 13:07:38,9094,11623,198,4,67,100,0
302,-2028,-813,811,4,2023-05-28 13:07:38,9094,11517,192,4,0,100,0
303,-1943,-692,800,4,2023-05-28 13:07:39,9094,10397,172,4,0,100,0
304,-1943,-692,800,4,2023-05-28 13:07:39,9094,10305,158,4,0,100,0
305,-1943,-692,800,4,2023-05-28 13:07:39,9094,10580,140,3,0,100,0
306,-1862,-585,790,4,2023-05-28 13:07:39,9094,10397,172,4,0,100,0
307,-1862,-585,790,4,2023-05-28 13:07:39,9094,10305,158,4,0,100,0
308,-1862,-585,790,4,2023-05-28 13:07:39,9094,10580,140,3,0,100,0
309,-1778,-481,781,4,2023-05-28 13:07:39,9094,10397,172,4,0,100,0
310,-1778,-481,781,4,2023-05-28 13:07:39,9094,10305,158,4,0,100,0
311,-1778,-481,781,4,2023-05-28 13:07:39,9094,10580,140,3,0,100,0
312,-1721,-413,774,4,2023-05-28 13:07:39,9094,10397,172,4,0,100,0
313,-1721,-413,774,4,2023-05-28 13:07:39,9094,10305,158,4,0,100,0
314,-1721,-413,774,4,2023-05-28 13:07:39,9094,10580,140,3,0,100,0
315,-1644,-326,766,4,2023-05-28 13:07:40,9094,10784,122,2,0,100,0
316,-1644,-326,766,4,2023-05-28 13:07:40,9094,9495,106,2,0,100,0
317,-1644,-326,766,4,2023-05-28 13:07:40,9094,7767,90,2,0,100,0
318,-1604,-284,762,4,2023-05-28 13:07:40,9094,10784,122,2,0,100,0
319,-1604,-284,762,4,2023-05-28 13:07:40,9094,9495,106,2,0,100,0
320,-1604,-284,762,4,2023-05-28 13:07:40,9094,7767,90,2,0,100,0
321,-1540,-229,755,4,2023-05-28 13:07:40,9094,10784,122,2,0,100,0
322,-1540,-229,755,4,2023-05-28 13:07:40,9094,9495,106,2,0,100,0
323,-1540,-229,755,4,2023-05-28 13:07:40,9094,7767,90,2,0,100,0
324,-1489,-204,751,4,2023-05-28 13:07:41,9094,6956,84,2,0,100,0
325,-1489,-204,751,4,2023-05-28 13:07:41,9094,6850,79,2,0,0,0
326,-1489,-204,751,4,2023-05-28 13:07:41,9094,6724,77,2,0,0,0
327,-1473,-200,750,4,2023-05-28 13:07:41,9094,6956,84,2,0,100,0
328,-1473,-200,750,4,2023-05-28 13:07:41,9094,6850,79,2,0,0,0
329,-1473,-200,750,4,2023-05-28 13:07:41,9094,6724,77,2,0,0,0
330,-1391,-206,742,4,2023-05-28 13:07:41,9094,6956,84,2,0,100,0
331,-1391,-206,742,4,2023-05-28 13:07:41,9094,6850,79,2,0,0,0
332,-1391,-206,742,4,2023-05-28 13:07:41,9094,6724,77,2,0,0,0
333,-1329,-238,737,4,2023-05-28 13:07:41,9094,6956,84,2,0,100,0
334,-1329,-238,737,4,2023-05-28 13:07:41,9094,6850,79,2,0,0,0
335,-1329,-238,737,4,2023-05-28 13:07:41,9094,6724,77,2,0,0,0
336,-1315,-248,734,4,2023-05-28 13:07:42,9094,6515,74,2,0,0,0
337,-1315,-248,734,4,2023-05-28 13:07:42,9094,6617,73,2,7,0,0
338,-1315,-248,734,4,2023-05-28 13:07:42,9094,6760,77,2,19,0,0
339,-1280,-283,729,4,2023-05-28 13:07:42,9094,6515,74,2,0,0,0
340,-1280,-283,729,4,2023-05-28 13:07:42,9094,6617,73,2,7,0,0
341,-1280,-283,729,4,2023-05-28 13:07:42,9094,6760,77,2,19,0,0
342,-1254,-325,727,4,2023-05-28 13:07:42,9094,6515,74,2,0,0,0
343,-1254,-325,727,4,2023-05-28 13:07:42,9094,6617,73,2,7,0,0
344,-1254,-325,727,4,2023-05-28 13:07:42,9094,6760,77,2,19,0,0
345,-1235,-371,723,4,2023-05-28 13:07:42,9094,6515,74,2,0,0,0
346,-1235,-371,723,4,2023-05-28 13:07:42,9094,6617,73,2,7,0,0
347,-1235,-371,723,4,2023-05-28 13:07:42,9094,6760,77,2,19,0,0
348,-1224,-408,721,4,2023-05-28 13:07:42,9094,6515,74,2,0,0,0
349,-1224,-408,721,4,2023-05-28 13:07:42,9094,6617,73,2,7,0,0
350,-1224,-408,721,4,2023-05-28 13:07:42,9094,6760,77,2,19,0,0
351,-1210,-465,717,4,2023-05-28 13:07:43,9094,7388,81,2,40,0,0
352,-1210,-465,717,4,2023-05-28 13:07:43,9094,7646,88,2,44,0,0
353,-1210,-465,717,4,2023-05-28 13:07:43,9094,8359,93,2,52,0,0
354,-1210,-465,717,4,2023-05-28 13:07:43,9094,8843,99,2,58,0,0
355,-1210,-465,717,4,2023-05-28 13:07:43,9094,9417,107,2,62,0,0
356,-1203,-492,714,4,2023-05-28 13:07:43,9094,7388,81,2,40,0,0
357,-1203,-492,714,4,2023-05-28 13:07:43,9094,7646,88,2,44,0,0
358,-1203,-492,714,4,2023-05-28 13:07:43,9094,8359,93,2,52,0,0
359,-1203,-492,714,4,2023-05-28 13:07:43,9094,8843,99,2,58,0,0
360,-1203,-492,714,4,2023-05-28 13:07:43,9094,9417,107,2,62,0,0
361,-1191,-535,711,4,2023-05-28 13:07:43,9094,7388,81,2,40,0,0
362,-1191,-535,711,4,2023-05-28 13:07:43,9094,7646,88,2,44,0,0
363,-1191,-535,711,4,2023-05-28 13:07:43,9094,8359,93,2,52,0,0
364,-1191,-535,711,4,2023-05-28 13:07:43,9094,8843,99,2,58,0,0
365,-1191,-535,711,4,2023-05-28 13:07:43,9094,9417,107,2,62,0,0
366,-1155,-653,700,4,2023-05-28 13:07:43,9094,7388,81,2,40,0,0
367,-1155,-653,700,4,2023-05-28 13:07:43,9094,7646,88,2,44,0,0
368,-1155,-653,700,4,2023-05-28 13:07:43,9094,8359,93,2,52,0,0
369,-1155,-653,700,4,2023-05-28 13:07:43,9094,8843,99,2,58,0,0
370,-1155,-653,700,4,2023-05-28 13:07:43,9094,9417,107,2,62,0,0
371,-1130,-723,695,4,2023-05-28 13:07:44,9094,10612,119,2,72,0,0
372,-1130,-723,695,4,2023-05-28 13:07:44,9094,11039,119,2,67,0,0
373,-1130,-723,695,4,2023-05-28 13:07:44,9094,10927,118,2,5,100,0
374,-1130,-723,695,4,2023-05-28 13:07:44,9094,10787,108,2,0,100,0
375,-1100,-795,691,4,2023-05-28 13:07:44,9094,10612,119,2,72,0,0
376,-1100,-795,691,4,2023-05-28 13:07:44,9094,11039,119,2,67,0,0
377,-1100,-795,691,4,2023-05-28 13:07:44,9094,10927,118,2,5,100,0
378,-1100,-795,691,4,2023-05-28 13:07:44,9094,10787,108,2,0,100,0
379,-1056,-888,682,4,2023-05-28 13:07:44,9094,10612,119,2,72,0,0
380,-1056,-888,682,4,2023-05-28 13:07:44,9094,11039,119,2,67,0,0
381,-1056,-888,682,4,2023-05-28 13:07:44,9094,10927,118,2,5,100,0
382,-1056,-888,682,4,2023-05-28 13:07:44,9094,10787,108,2,0,100,0
383,-1021,-951,677,4,2023-05-28 13:07:44,9094,10612,119,2,72,0,0
384,-1021,-951,677,4,2023-05-28 13:07:44,9094,11039,119,2,67,0,0
385,-1021,-951,677,4,2023-05-28 13:07:44,9094,10927,118,2,5,100,0
386,-1021,-951,677,4,2023-05-28 13:07:44,9094,10787,108,2,0,100,0
387,-823,-1130,659,4,2023-05-28 13:07:46,9094,7150,62,1,0,100,0
388,-823,-1130,659,4,2023-05-28 13:07:46,9094,6181,56,1,0,100,0
389,-823,-1130,659,4,2023-05-28 13:07:46,9094,5655,54,1,0,0,0
390,-791,-1131,658,4,2023-05-28 13:07:46,9094,7150,62,1,0,100,0
391,-791,-1131,658,4,2023-05-28 13:07:46,9094,6181,56,1,0,100,0
392,-791,-1131,658,4,2023-05-28 13:07:46,9094,5655,54,1,0,0,0
393,-768,-1125,657,4,2023-05-28 13:07:46,9094,7150,62,1,0,100,0
394,-768,-1125,657,4,2023-05-28 13:07:46,9094,6181,56,1,0,100,0
395,-768,-1125,657,4,2023-05-28 13:07:46,9094,5655,54,1,0,0,0
396,-748,-1109,656,4,2023-05-28 13:07:46,9094,7150,62,1,0,100,0
397,-748,-1109,656,4,2023-05-28 13:07:46,9094,6181,56,1,0,100,0
398,-748,-1109,656,4,2023-05-28 13:07:46,9094,5655,54,1,0,0,0
399,-737,-1089,656,4,2023-05-28 13:07:46,9094,7150,62,1,0,100,0
400,-737,-1089,656,4,2023-05-28 13:07:46,9094,6181,56,1,0,100,0
401,-737,-1089,656,4,2023-05-28 13:07:46,9094,5655,54,1,0,0,0
402,-731,-1038,652,4,2023-05-28 13:07:47,9094,5604,52,1,0,0,0
403,-731,-1038,652,4,2023-05-28 13:07:47,9094,5069,50,1,0,0,0
404,-731,-1038,652,4,2023-05-28 13:07:47,9094,4857,47,1,0,0,0
405,-731,-1038,652,4,2023-05-28 13:07:47,9094,4716,46,1,9,0,0
406,-732,-1023,649,4,2023-05-28 13:07:47,9094,5604,52,1,0,0,0
407,-732,-1023,649,4,2023-05-28 13:07:47,9094,5069,50,1,0,0,0
408,-732,-1023,649,4,2023-05-28 13:07:47,9094,4857,47,1,0,0,0
409,-732,-1023,649,4,2023-05-28 13:07:47,9094,4716,46,1,9,0,0
410,-743,-978,644,4,2023-05-28 13:07:47,9094,5604,52,1,0,0,0
411,-743,-978,644,4,2023-05-28 13:07:47,9094,5069,50,1,0,0,0
412,-743,-978,644,4,2023-05-28 13:07:47,9094,4857,47,1,0,0,0
413,-743,-978,644,4,2023-05-28 13:07:47,9094,4716,46,1,9,0,0
414,-751,-958,643,4,2023-05-28 13:07:47,9094,5604,52,1,0,0,0
415,-751,-958,643,4,2023-05-28 13:07:47,9094,5069,50,1,0,0,0
416,-751,-958,643,4,2023-05-28 13:07:47,9094,4857,47,1,0,0,0
417,-751,-958,643,4,2023-05-28 13:07:47,9094,4716,46,1,9,0,0
418,-768,-925,641,4,2023-05-28 13:07:48,9094,5820,46,1,12,0,0
419,-768,-925,641,4,2023-05-28 13:07:48,9094,6240,49,1,18,0,0
420,-768,-925,641,4,2023-05-28 13:07:48,9094,6764,51,1,23,0,0
421,-768,-925,641,4,2023-05-28 13:07:48,9094,7197,58,1,31,0,0
422,-780,-904,638,4,2023-05-28 13:07:48,9094,5820,46,1,12,0,0
423,-780,-904,638,4,2023-05-28 13:07:48,9094,6240,49,1,18,0,0
424,-780,-904,638,4,2023-05-28 13:07:48,9094,6764,51,1,23,0,0
425,-780,-904,638,4,2023-05-28 13:07:48,9094,7197,58,1,31,0,0
426,-789,-891,638,4,2023-05-28 13:07:48,9094,5820,46,1,12,0,0
427,-789,-891,638,4,2023-05-28 13:07:48,9094,6240,49,1,18,0,0
428,-789,-891,638,4,2023-05-28 13:07:48,9094,6764,51,1,23,0,0
429,-789,-891,638,4,2023-05-28 13:07:48,9094,7197,58,1,31,0,0
430,-802,-874,635,4,2023-05-28 13:07:48,9094,5820,46,1,12,0,0
431,-802,-874,635,4,2023-05-28 13:07:48,9094,6240,49,1,18,0,0
432,-802,-874,635,4,2023-05-28 13:07:48,9094,6764,51,1,23,0,0
433,-802,-874,635,4,2023-05-28 13:07:48,9094,7197,58,1,31,0,0
434,-828,-844,632,4,2023-05-28 13:07:48,9094,5820,46,1,12,0,0
435,-828,-844,632,4,2023-05-28 13:07:48,9094,6240,49,1,18,0,0
436,-828,-844,632,4,2023-05-28 13:07:48,9094,6764,51,1,23,0,0
437,-828,-844,632,4,2023-05-28 13:07:48,9094,7197,58,1,31,0,0
438,-850,-819,627,4,2023-05-28 13:07:48,9094,5820,46,1,12,0,0
439,-850,-819,627,4,2023-05-28 13:07:48,9094,6240,49,1,18,0,0
440,-850,-819,627,4,2023-05-28 13:07:48,9094,6764,51,1,23,0,0
441,-850,-819,627,4,2023-05-28 13:07:48,9094,7197,58,1,31,0,0
442,-887,-781,623,4,2023-05-28 13:07:49,9094,8197,67,1,42,0,0
443,-887,-781,623,4,2023-05-28 13:07:49,9094,9323,85,1,51,0,0
444,-887,-781,623,4,2023-05-28 13:07:49,9094,9323,88,2,51,0,0
445,-903,-765,621,4,2023-05-28 13:07:49,9094,8197,67,1,42,0,0
446,-903,-765,621,4,2023-05-28 13:07:49,9094,9323,85,1,51,0,0
447,-903,-765,621,4,2023-05-28 13:07:49,9094,9323,88,2,51,0,0
448,-929,-738,618,4,2023-05-28 13:07:49,9094,8197,67,1,42,0,0
449,-929,-738,618,4,2023-05-28 13:07:49,9094,9323,85,1,51,0,0
450,-929,-738,618,4,2023-05-28 13:07:49,9094,9323,88,2,51,0,0
451,-976,-683,613,4,2023-05-28 13:07:50,9094,7923,87,2,0,0,0
452,-976,-683,613,4,2023-05-28 13:07:50,9094,7157,86,2,0,0,0
453,-976,-683,613,4,2023-05-28 13:07:50,9094,7054,81,2,0,0,0
454,-997,-652,610,4,2023-05-28 13:07:50,9094,7923,87,2,0,0,0
455,-997,-652,610,4,2023-05-28 13:07:50,9094,7157,86,2,0,0,0
456,-997,-652,610,4,2023-05-28 13:07:50,9094,7054,81,2,0,0,0
457,-1021,-597,608,4,2023-05-28 13:07:50,9094,7923,87,2,0,0,0
458,-1021,-597,608,4,2023-05-28 13:07:50,9094,7157,86,2,0,0,0
459,-1021,-597,608,4,2023-05-28 13:07:50,9094,7054,81,2,0,0,0
460,-1028,-558,606,4,2023-05-28 13:07:50,9094,7923,87,2,0,0,0
461,-1028,-558,606,4,2023-05-28 13:07:50,9094,7157,86,2,0,0,0
462,-1028,-558,606,4,2023-05-28 13:07:50,9094,7054,81,2,0,0,0
463,-1023,-497,602,4,2023-05-28 13:07:50,9094,7923,87,2,0,0,0
464,-1023,-497,602,4,2023-05-28 13:07:50,9094,7157,86,2,0,0,0
465,-1023,-497,602,4,2023-05-28 13:07:50,9094,7054,81,2,0,0,0
466,-999,-437,596,4,2023-05-28 13:07:51,9094,6832,79,2,0,0,0
467,-999,-437,596,4,2023-05-28 13:07:51,9094,6692,77,2,0,0,0
468,-999,-437,596,4,2023-05-28 13:07:51,9094,6504,75,2,0,0,0
469,-999,-437,596,4,2023-05-28 13:07:51,9094,6886,76,2,16,0,0
470,-957,-388,590,4,2023-05-28 13:07:51,9094,6832,79,2,0,0,0
471,-957,-388,590,4,2023-05-28 13:07:51,9094,6692,77,2,0,0,0
472,-957,-388,590,4,2023-05-28 13:07:51,9094,6504,75,2,0,0,0
473,-957,-388,590,4,2023-05-28 13:07:51,9094,6886,76,2,16,0,0
474,-931,-366,588,4,2023-05-28 13:07:51,9094,6832,79,2,0,0,0
475,-931,-366,588,4,2023-05-28 13:07:51,9094,6692,77,2,0,0,0
476,-931,-366,588,4,2023-05-28 13:07:51,9094,6504,75,2,0,0,0
477,-931,-366,588,4,2023-05-28 13:07:51,9094,6886,76,2,16,0,0
478,-878,-330,582,4,2023-05-28 13:07:51,9094,6832,79,2,0,0,0
479,-878,-330,582,4,2023-05-28 13:07:51,9094,6692,77,2,0,0,0
480,-878,-330,582,4,2023-05-28 13:07:51,9094,6504,75,2,0,0,0
481,-878,-330,582,4,2023-05-28 13:07:51,9094,6886,76,2,16,0,0
482,-805,-291,573,4,2023-05-28 13:07:52,9094,7384,79,2,30,0,0
483,-805,-291,573,4,2023-05-28 13:07:52,9094,7764,85,2,40,0,0
484,-805,-291,573,4,2023-05-28 13:07:52,9094,8330,88,2,48,0,0
485,-805,-291,573,4,2023-05-28 13:07:52,9094,8890,93,2,61,0,0
486,-805,-291,573,4,2023-05-28 13:07:52,9094,9493,104,2,63,0,0
487,-783,-281,571,4,2023-05-28 13:07:52,9094,7384,79,2,30,0,0
488,-783,-281,571,4,2023-05-28 13:07:52,9094,7764,85,2,40,0,0
489,-783,-281,571,4,2023-05-28 13:07:52,9094,8330,88,2,48,0,0
490,-783,-281,571,4,2023-05-28 13:07:52,9094,8890,93,2,61,0,0
491,-783,-281,571,4,2023-05-28 13:07:52,9094,9493,104,2,63,0,0
492,-748,-265,568,4,2023-05-28 13:07:52,9094,7384,79,2,30,0,0
493,-748,-265,568,4,2023-05-28 13:07:52,9094,7764,85,2,40,0,0
494,-748,-265,568,4,2023-05-28 13:07:52,9094,8330,88,2,48,0,0
495,-748,-265,568,4,2023-05-28 13:07:52,9094,8890,93,2,61,0,0
496,-748,-265,568,4,2023-05-28 13:07:52,9094,9493,104,2,63,0,0
497,-689,-240,564,4,2023-05-28 13:07:52,9094,7384,79,2,30,0,0
498,-689,-240,564,4,2023-05-28 13:07:52,9094,7764,85,2,40,0,0
499,-689,-240,564,4,2023-05-28 13:07:52,9094,8330,88,2,48,0,0
500,-689,-240,564,4,2023-05-28 13:07:52,9094,8890,93,2,61,0,0
501,-689,-240,564,4,2023-05-28 13:07:52,9094,9493,104,2,63,0,0
502,-590,-204,559,4,2023-05-28 13:07:53,9094,8969,108,2,0,0,0
503,-590,-204,559,4,2023-05-28 13:07:53,9094,8133,94,2,0,100,0
504,-590,-204,559,4,2023-05-28 13:07:53,9094,7751,91,2,0,100,0
505,-535,-188,556,4,2023-05-28 13:07:53,9094,8969,108,2,0,0,0
506,-535,-188,556,4,2023-05-28 13:07:53,9094,8133,94,2,0,100,0
507,-535,-188,556,4,2023-05-28 13:07:53,9094,7751,91,2,0,100,0
508,-467,-174,554,4,2023-05-28 13:07:53,9094,8969,108,2,0,0,0
509,-467,-174,554,4,2023-05-28 13:07:53,9094,8133,94,2,0,100,0
510,-467,-174,554,4,2023-05-28 13:07:53,9094,7751,91,2,0,100,0
511,-403,-168,551,4,2023-05-28 13:07:53,9094,8969,108,2,0,0,0
512,-403,-168,551,4,2023-05-28 13:07:53,9094,8133,94,2,0,100,0
513,-403,-168,551,4,2023-05-28 13:07:53,9094,7751,91,2,0,100,0
514,-327,-182,547,4,2023-05-28 13:07:54,9094,7358,87,2,0,0,0
515,-327,-182,547,4,2023-05-28 13:07:54,9094,7268,82,2,0,0,0
516,-327,-182,547,4,2023-05-28 13:07:54,9094,7268,81,2,0,0,0
517,-327,-182,547,4,2023-05-28 13:07:54,9094,6923,79,2,0,0,0
518,-277,-218,545,4,2023-05-28 13:07:54,9094,7358,87,2,0,0,0
519,-277,-218,545,4,2023-05-28 13:07:54,9094,7268,82,2,0,0,0
520,-277,-218,545,4,2023-05-28 13:07:54,9094,7268,81,2,0,0,0
521,-277,-218,545,4,2023-05-28 13:07:54,9094,6923,79,2,0,0,0
522,-223,-312,545,4,2023-05-28 13:07:54,9094,7358,87,2,0,0,0
523,-223,-312,545,4,2023-05-28 13:07:54,9094,7268,82,2,0,0,0
524,-223,-312,545,4,2023-05-28 13:07:54,9094,7268,81,2,0,0,0
525,-223,-312,545,4,2023-05-28 13:07:54,9094,6923,79,2,0,0,0
526,-209,-359,545,4,2023-05-28 13:07:55,9094,6877,79,2,0,0,0
527,-209,-359,545,4,2023-05-28 13:07:55,9094,7329,77,2,14,0,0
528,-209,-359,545,4,2023-05-28 13:07:55,9094,7375,81,2,31,0,0
529,-209,-359,545,4,2023-05-28 13:07:55,9094,8185,87,2,45,0,0
530,-195,-429,545,4,2023-05-28 13:07:55,9094,6877,79,2,0,0,0
531,-195,-429,545,4,2023-05-28 13:07:55,9094,7329,77,2,14,0,0
532,-195,-429,545,4,2023-05-28 13:07:55,9094,7375,81,2,31,0,0
533,-195,-429,545,4,2023-05-28 13:07:55,9094,8185,87,2,45,0,0
534,-187,-499,545,4,2023-05-28 13:07:55,9094,6877,79,2,0,0,0
535,-187,-499,545,4,2023-05-28 13:07:55,9094,7329,77,2,14,0,0
536,-187,-499,545,4,2023-05-28 13:07:55,9094,7375,81,2,31,0,0
537,-187,-499,545,4,2023-05-28 13:07:55,9094,8185,87,2,45,0,0
538,-185,-549,545,4,2023-05-28 13:07:56,9094,8722,94,2,57,0,0
539,-185,-549,545,4,2023-05-28 13:07:56,9094,9634,104,2,71,0,0
540,-185,-549,545,4,2023-05-28 13:07:56,9094,10350,112,2,78,0,0
541,-185,-549,545,4,2023-05-28 13:07:56,9094,11288,124,2,80,0,0
542,-185,-613,545,4,2023-05-28 13:07:56,9094,8722,94,2,57,0,0
543,-185,-613,545,4,2023-05-28 13:07:56,9094,9634,104,2,71,0,0
544,-185,-613,545,4,2023-05-28 13:07:56,9094,10350,112,2,78,0,0
545,-185,-613,545,4,2023-05-28 13:07:56,9094,11288,124,2,80,0,0
546,-186,-653,545,4,2023-05-28 13:07:56,9094,8722,94,2,57,0,0
547,-186,-653,545,4,2023-05-28 13:07:56,9094,9634,104,2,71,0,0
548,-186,-653,545,4,2023-05-28 13:07:56,9094,10350,112,2,78,0,0
549,-186,-653,545,4,2023-05-28 13:07:56,9094,11288,124,2,80,0,0
550,-189,-700,545,4,2023-05-28 13:07:56,9094,8722,94,2,57,0,0
551,-189,-700,545,4,2023-05-28 13:07:56,9094,9634,104,2,71,0,0
552,-189,-700,545,4,2023-05-28 13:07:56,9094,10350,112,2,78,0,0
553,-189,-700,545,4,2023-05-28 13:07:56,9094,11288,124,2,80,0,0
554,-205,-858,545,4,2023-05-28 13:07:56,9094,8722,94,2,57,0,0
555,-205,-858,545,4,2023-05-28 13:07:56,9094,9634,104,2,71,0,0
556,-205,-858,545,4,2023-05-28 13:07:56,9094,10350,112,2,78,0,0
557,-205,-858,545,4,2023-05-28 13:07:56,9094,11288,124,2,80,0,0
558,-214,-940,543,4,2023-05-28 13:07:57,9094,12408,128,2,79,0,0
559,-214,-940,543,4,2023-05-28 13:07:57,9094,11594,141,2,84,0,0
560,-214,-940,543,4,2023-05-28 13:07:57,9094,11567,164,3,99,0,0
561,-218,-979,543,4,2023-05-28 13:07:57,9094,12408,128,2,79,0,0
562,-218,-979,543,4,2023-05-28 13:07:57,9094,11594,141,2,84,0,0
563,-218,-979,543,4,2023-05-28 13:07:57,9094,11567,164,3,99,0,0
564,-229,-1079,543,4,2023-05-28 13:07:57,9094,12408,128,2,79,0,0
565,-229,-1079,543,4,2023-05-28 13:07:57,9094,11594,141,2,84,0,0
566,-229,-1079,543,4,2023-05-28 13:07:57,9094,11567,164,3,99,0,0
567,-237,-1149,543,4,2023-05-28 13:07:57,9094,12408,128,2,79,0,0
568,-237,-1149,543,4,2023-05-28 13:07:57,9094,11594,141,2,84,0,0
569,-237,-1149,543,4,2023-05-28 13:07:57,9094,11567,164,3,99,0,0
570,-256,-1328,543,4,2023-05-28 13:07:58,9094,10766,164,3,99,0,0
571,-256,-1328,543,4,2023-05-28 13:07:58,9094,11394,185,4,99,0,0
572,-256,-1328,543,4,2023-05-28 13:07:58,9094,11514,189,4,99,0,0
573,-256,-1328,543,4,2023-05-28 13:07:58,9094,10409,200,5,99,0,0
574,-266,-1419,543,4,2023-05-28 13:07:58,9094,10766,164,3,99,0,0
575,-266,-1419,543,4,2023-05-28 13:07:58,9094,11394,185,4,99,0,0
576,-266,-1419,543,4,2023-05-28 13:07:58,9094,11514,189,4,99,0,0
577,-266,-1419,543,4,2023-05-28 13:07:58,9094,10409,200,5,99,0,0
578,-285,-1590,542,4,2023-05-28 13:07:58,9094,10766,164,3,99,0,0
579,-285,-1590,542,4,2023-05-28 13:07:58,9094,11394,185,4,99,0,0
580,-285,-1590,542,4,2023-05-28 13:07:58,9094,11514,189,4,99,0,0
581,-285,-1590,542,4,2023-05-28 13:07:58,9094,10409,200,5,99,0,0
582,-298,-1677,542,4,2023-05-28 13:07:58,9094,10766,164,3,99,0,0
583,-298,-1677,542,4,2023-05-28 13:07:58,9094,11394,185,4,99,0,0
584,-298,-1677,542,4,2023-05-28 13:07:58,9094,11514,189,4,99,0,0
585,-298,-1677,542,4,2023-05-28 13:07:58,9094,10409,200,5,99,0,0
586,-323,-1798,542,4,2023-05-28 13:07:59,9094,11027,206,5,99,0,0
587,-323,-1798,542,4,2023-05-28 13:07:59,9094,11316,218,5,99,0,0
588,-323,-1798,542,4,2023-05-28 13:07:59,9094,11195,226,5,99,0,0
589,-351,-1901,542,4,2023-05-28 13:07:59,9094,11027,206,5,99,0,0
590,-351,-1901,542,4,2023-05-28 13:07:59,9094,11316,218,5,99,0,0
591,-351,-1901,542,4,2023-05-28 13:07:59,9094,11195,226,5,99,0,0
592,-387,-2018,542,4,2023-05-28 13:07:59,9094,11027,206,5,99,0,0
593,-387,-2018,542,4,2023-05-28 13:07:59,9094,11316,218,5,99,0,0
594,-387,-2018,542,4,2023-05-28 13:07:59,9094,11195,226,5,99,0,0
595,-474,-2267,541,4,2023-05-28 13:07:59,9094,11027,206,5,99,0,0
596,-474,-2267,541,4,2023-05-28 13:07:59,9094,11316,218,5,99,0,0
597,-474,-2267,541,4,2023-05-28 13:07:59,9094,11195,226,5,99,0,0
598,-546,-2449,541,4,2023-05-28 13:08:00,9094,10765,231,6,99,0,0
599,-546,-2449,541,4,2023-05-28 13:08:00,9094,10888,240,6,99,0,0
600,-546,-2449,541,4,2023-05-28 13:08:00,9094,11307,246,6,99,0,0
601,-546,-2449,541,4,2023-05-28 13:08:00,9094,11510,251,6,99,0,0
602,-592,-2559,541,4,2023-05-28 13:08:00,9094,10765,231,6,99,0,0
603,-592,-2559,541,4,2023-05-28 13:08:00,9094,10888,240,6,99,0,0
604,-592,-2559,541,4,2023-05-28 13:08:00,9094,11307,246,6,99,0,0
605,-592,-2559,541,4,2023-05-28 13:08:00,9094,11510,251,6,99,0,0
606,-682,-2756,541,4,2023-05-28 13:08:00,9094,10765,231,6,99,0,0
607,-682,-2756,541,4,2023-05-28 13:08:00,9094,10888,240,6,99,0,0
608,-682,-2756,541,4,2023-05-28 13:08:00,9094,11307,246,6,99,0,0
609,-682,-2756,541,4,2023-05-28 13:08:00,9094,11510,251,6,99,0,0
610,-781,-2937,541,4,2023-05-28 13:08:01,9094,11627,256,6,99,0,0
611,-781,-2937,541,4,2023-05-28 13:08:01,9094,10647,257,6,99,0,0
612,-781,-2937,541,4,2023-05-28 13:08:01,9094,10489,257,7,99,0,0
613,-781,-2937,541,4,2023-05-28 13:08:01,9094,10581,261,7,99,0,0
614,-874,-3072,542,4,2023-05-28 13:08:01,9094,11627,256,6,99,0,0
615,-874,-3072,542,4,2023-05-28 13:08:01,9094,10647,257,6,99,0,0
616,-874,-3072,542,4,2023-05-28 13:08:01,9094,10489,257,7,99,0,0
617,-874,-3072,542,4,2023-05-28 13:08:01,9094,10581,261,7,99,0,0
618,-967,-3180,542,4,2023-05-28 13:08:01,9094,11627,256,6,99,0,0
619,-967,-3180,542,4,2023-05-28 13:08:01,9094,10647,257,6,99,0,0
620,-967,-3180,542,4,2023-05-28 13:08:01,9094,10489,257,7,99,0,0
621,-967,-3180,542,4,2023-05-28 13:08:01,9094,10581,261,7,99,0,0
622,-1050,-3260,542,4,2023-05-28 13:08:01,9094,11627,256,6,99,0,0
623,-1050,-3260,542,4,2023-05-28 13:08:01,9094,10647,257,6,99,0,0
624,-1050,-3260,542,4,2023-05-28 13:08:01,9094,10489,257,7,99,0,0
625,-1050,-3260,542,4,2023-05-28 13:08:01,9094,10581,261,7,99,0,0
626,-1163,-3350,542,4,2023-05-28 13:08:01,9094,11627,256,6,99,0,0
627,-1163,-3350,542,4,2023-05-28 13:08:01,9094,10647,257,6,99,0,0
628,-1163,-3350,542,4,2023-05-28 13:08:01,9094,10489,257,7,99,0,0
629,-1163,-3350,542,4,2023-05-28 13:08:01,9094,10581,261,7,99,0,0
630,-1460,-3517,541,4,2023-05-28 13:08:02,9094,10645,266,7,99,0,0
631,-1460,-3517,541,4,2023-05-28 13:08:02,9094,10676,267,7,99,0,0
632,-1460,-3517,541,4,2023-05-28 13:08:02,9094,10777,270,7,99,0,0
633,-1460,-3517,541,4,2023-05-28 13:08:02,9094,10859,271,7,99,0,0
634,-1460,-3517,541,4,2023-05-28 13:08:02,9094,10943,272,7,99,0,0
635,-1597,-3581,540,4,2023-05-28 13:08:02,9094,10645,266,7,99,0,0
636,-1597,-3581,540,4,2023-05-28 13:08:02,9094,10676,267,7,99,0,0
637,-1597,-3581,540,4,2023-05-28 13:08:02,9094,10777,270,7,99,0,0
638,-1597,-3581,540,4,2023-05-28 13:08:02,9094,10859,271,7,99,0,0
639,-1597,-3581,540,4,2023-05-28 13:08:02,9094,10943,272,7,99,0,0
640,-1869,-3714,541,4,2023-05-28 13:08:02,9094,10645,266,7,99,0,0
641,-1869,-3714,541,4,2023-05-28 13:08:02,9094,10676,267,7,99,0,0
642,-1869,-3714,541,4,2023-05-28 13:08:02,9094,10777,270,7,99,0,0
643,-1869,-3714,541,4,2023-05-28 13:08:02,9094,10859,271,7,99,0,0
644,-1869,-3714,541,4,2023-05-28 13:08:02,9094,10943,272,7,99,0,0
645,-1964,-3763,541,4,2023-05-28 13:08:02,9094,10645,266,7,99,0,0
646,-1964,-3763,541,4,2023-05-28 13:08:02,9094,10676,267,7,99,0,0
647,-1964,-3763,541,4,2023-05-28 13:08:02,9094,10777,270,7,99,0,0
648,-1964,-3763,541,4,2023-05-28 13:08:02,9094,10859,271,7,99,0,0
649,-1964,-3763,541,4,2023-05-28 13:08:02,9094,10943,272,7,99,0,0
650,-2199,-3881,541,4,2023-05-28 13:08:03,9094,11068,277,7,99,0,0
651,-2199,-3881,541,4,2023-05-28 13:08:03,9094,11200,280,7,99,0,0
652,-2199,-3881,541,4,2023-05-28 13:08:03,9094,11243,282,7,97,0,0
653,-2199,-3881,541,4,2023-05-28 13:08:03,9094,11345,282,7,11,0,0
654,-2339,-3950,541,4,2023-05-28 13:08:03,9094,11068,277,7,99,0,0
655,-2339,-3950,541,4,2023-05-28 13:08:03,9094,11200,280,7,99,0,0
656,-2339,-3950,541,4,2023-05-28 13:08:03,9094,11243,282,7,97,0,0
657,-2339,-3950,541,4,2023-05-28 13:08:03,9094,11345,282,7,11,0,0
658,-2467,-4009,542,4,2023-05-28 13:08:03,9094,11068,277,7,99,0,0
659,-2467,-4009,542,4,2023-05-28 13:08:03,9094,11200,280,7,99,0,0
660,-2467,-4009,542,4,2023-05-28 13:08:03,9094,11243,282,7,97,0,0
661,-2467,-4009,542,4,2023-05-28 13:08:03,9094,11345,282,7,11,0,0
662,-2679,-4098,543,4,2023-05-28 13:08:04,9094,12110,271,7,0,100,0
663,-2679,-4098,543,4,2023-05-28 13:08:04,9094,11670,264,6,0,100,0
664,-2679,-4098,543,4,2023-05-28 13:08:04,9094,11450,247,6,0,100,0
665,-2833,-4155,542,4,2023-05-28 13:08:04,9094,12110,271,7,0,100,0
666,-2833,-4155,542,4,2023-05-28 13:08:04,9094,11670,264,6,0,100,0
667,-2833,-4155,542,4,2023-05-28 13:08:04,9094,11450,247,6,0,100,0
668,-3093,-4235,540,4,2023-05-28 13:08:04,9094,12110,271,7,0,100,0
669,-3093,-4235,540,4,2023-05-28 13:08:04,9094,11670,264,6,0,100,0
670,-3093,-4235,540,4,2023-05-28 13:08:04,9094,11450,247,6,0,100,0
671,-3195,-4260,537,4,2023-05-28 13:08:04,9094,12110,271,7,0,100,0
672,-3195,-4260,537,4,2023-05-28 13:08:04,9094,11670,264,6,0,100,0
673,-3195,-4260,537,4,2023-05-28 13:08:04,9094,11450,247,6,0,100,0
674,-3293,-4281,533,4,2023-05-28 13:08:04,9094,12110,271,7,0,100,0
675,-3293,-4281,533,4,2023-05-28 13:08:04,9094,11670,264,6,0,100,0
676,-3293,-4281,533,4,2023-05-28 13:08:04,9094,11450,247,6,0,100,0
677,-3507,-4315,524,4,2023-05-28 13:08:05,9094,9338,205,6,0,100,0
678,-3507,-4315,524,4,2023-05-28 13:08:05,9094,10156,191,5,0,100,0
679,-3507,-4315,524,4,2023-05-28 13:08:05,9094,11052,171,5,0,100,0
680,-3507,-4315,524,4,2023-05-28 13:08:05,9094,10530,146,4,0,100,0
681,-3654,-4333,516,4,2023-05-28 13:08:05,9094,9338,205,6,0,100,0
682,-3654,-4333,516,4,2023-05-28 13:08:05,9094,10156,191,5,0,100,0
683,-3654,-4333,516,4,2023-05-28 13:08:05,9094,11052,171,5,0,100,0
684,-3654,-4333,516,4,2023-05-28 13:08:05,9094,10530,146,4,0,100,0
685,-3821,-4350,508,4,2023-05-28 13:08:05,9094,9338,205,6,0,100,0
686,-3821,-4350,508,4,2023-05-28 13:08:05,9094,10156,191,5,0,100,0
687,-3821,-4350,508,4,2023-05-28 13:08:05,9094,11052,171,5,0,100,0
688,-3821,-4350,508,4,2023-05-28 13:08:05,9094,10530,146,4,0,100,0
689,-3884,-4356,505,4,2023-05-28 13:08:06,9094,10863,126,3,0,100,0
690,-3884,-4356,505,4,2023-05-28 13:08:06,9094,9747,111,2,0,100,0
691,-3884,-4356,505,4,2023-05-28 13:08:06,9094,8740,111,2,0,100,0
692,-3884,-4356,505,4,2023-05-28 13:08:06,9094,8145,96,2,0,100,0
693,-3962,-4366,501,4,2023-05-28 13:08:06,9094,10863,126,3,0,100,0
694,-3962,-4366,501,4,2023-05-28 13:08:06,9094,9747,111,2,0,100,0
695,-3962,-4366,501,4,2023-05-28 13:08:06,9094,8740,111,2,0,100,0
696,-3962,-4366,501,4,2023-05-28 13:08:06,9094,8145,96,2,0,100,0
697,-4064,-4385,498,4,2023-05-28 13:08:06,9094,10863,126,3,0,100,0
698,-4064,-4385,498,4,2023-05-28 13:08:06,9094,9747,111,2,0,100,0
699,-4064,-4385,498,4,2023-05-28 13:08:06,9094,8740,111,2,0,100,0
700,-4064,-4385,498,4,2023-05-28 13:08:06,9094,8145,96,2,0,100,0
701,-4132,-4415,495,4,2023-05-28 13:08:06,9094,10863,126,3,0,100,0
702,-4132,-4415,495,4,2023-05-28 13:08:06,9094,9747,111,2,0,100,0
703,-4132,-4415,495,4,2023-05-28 13:08:06,9094,8740,111,2,0,100,0
704,-4132,-4415,495,4,2023-05-28 13:08:06,9094,8145,96,2,0,100,0
705,-4168,-4454,493,4,2023-05-28 13:08:07,9094,7444,87,2,0,100,0
706,-4168,-4454,493,4,2023-05-28 13:08:07,9094,7256,85,2,0,0,0
707,-4168,-4454,493,4,2023-05-28 13:08:07,9094,6707,81,2,0,0,0
708,-4203,-4513,491,4,2023-05-28 13:08:07,9094,7444,87,2,0,100,0
709,-4203,-4513,491,4,2023-05-28 13:08:07,9094,7256,85,2,0,0,0
710,-4203,-4513,491,4,2023-05-28 13:08:07,9094,6707,81,2,0,0,0
711,-4217,-4540,491,4,2023-05-28 13:08:07,9094,7444,87,2,0,100,0
712,-4217,-4540,491,4,2023-05-28 13:08:07,9094,7256,85,2,0,0,0
713,-4217,-4540,491,4,2023-05-28 13:08:07,9094,6707,81,2,0,0,0
714,-4257,-4595,490,4,2023-05-28 13:08:07,9094,7444,87,2,0,100,0
715,-4257,-4595,490,4,2023-05-28 13:08:07,9094,7256,85,2,0,0,0
716,-4257,-4595,490,4,2023-05-28 13:08:07,9094,6707,81,2,0,0,0
717,-4301,-4628,490,4,2023-05-28 13:08:08,9094,5893,72,2,0,100,0
718,-4301,-4628,490,4,2023-05-28 13:08:08,9094,5798,66,2,0,0,0
719,-4301,-4628,490,4,2023-05-28 13:08:08,9094,5634,64,2,9,0,0
720,-4351,-4645,490,4,2023-05-28 13:08:08,9094,5893,72,2,0,100,0
721,-4351,-4645,490,4,2023-05-28 13:08:08,9094,5798,66,2,0,0,0
722,-4351,-4645,490,4,2023-05-28 13:08:08,9094,5634,64,2,9,0,0
723,-4420,-4651,490,4,2023-05-28 13:08:08,9094,5893,72,2,0,100,0
724,-4420,-4651,490,4,2023-05-28 13:08:08,9094,5798,66,2,0,0,0
725,-4420,-4651,490,4,2023-05-28 13:08:08,9094,5634,64,2,9,0,0
726,-4452,-4649,490,4,2023-05-28 13:08:09,9094,6253,66,2,28,0,0
727,-4452,-4649,490,4,2023-05-28 13:08:09,9094,6418,69,2,31,0,0
728,-4452,-4649,490,4,2023-05-28 13:08:09,9094,6839,74,2,46,0,0
729,-4452,-4649,490,4,2023-05-28 13:08:09,9094,7491,82,2,56,0,0
730,-4505,-4640,490,4,2023-05-28 13:08:09,9094,6253,66,2,28,0,0
731,-4505,-4640,490,4,2023-05-28 13:08:09,9094,6418,69,2,31,0,0
732,-4505,-4640,490,4,2023-05-28 13:08:09,9094,6839,74,2,46,0,0
733,-4505,-4640,490,4,2023-05-28 13:08:09,9094,7491,82,2,56,0,0
734,-4540,-4631,490,4,2023-05-28 13:08:09,9094,6253,66,2,28,0,0
735,-4540,-4631,490,4,2023-05-28 13:08:09,9094,6418,69,2,31,0,0
736,-4540,-4631,490,4,2023-05-28 13:08:09,9094,6839,74,2,46,0,0
737,-4540,-4631,490,4,2023-05-28 13:08:09,9094,7491,82,2,56,0,0
738,-4586,-4620,490,4,2023-05-28 13:08:09,9094,6253,66,2,28,0,0
739,-4586,-4620,490,4,2023-05-28 13:08:09,9094,6418,69,2,31,0,0
740,-4586,-4620,490,4,2023-05-28 13:08:09,9094,6839,74,2,46,0,0
741,-4586,-4620,490,4,2023-05-28 13:08:09,9094,7491,82,2,56,0,0
742,-4631,-4610,490,4,2023-05-28 13:08:09,9094,6253,66,2,28,0,0
743,-4631,-4610,490,4,2023-05-28 13:08:09,9094,6418,69,2,31,0,0
744,-4631,-4610,490,4,2023-05-28 13:08:09,9094,6839,74,2,46,0,0
745,-4631,-4610,490,4,2023-05-28 13:08:09,9094,7491,82,2,56,0,0
746,-4691,-4601,490,4,2023-05-28 13:08:10,9094,8404,93,2,62,0,0
747,-4691,-4601,490,4,2023-05-28 13:08:10,9094,8936,100,2,67,0,0
748,-4691,-4601,490,4,2023-05-28 13:08:10,9094,9668,108,2,72,0,0
749,-4691,-4601,490,4,2023-05-28 13:08:10,9094,10309,119,2,73,0,0
750,-4691,-4601,490,4,2023-05-28 13:08:10,9094,11300,119,2,76,0,0
751,-4745,-4600,490,4,2023-05-28 13:08:10,9094,8404,93,2,62,0,0
752,-4745,-4600,490,4,2023-05-28 13:08:10,9094,8936,100,2,67,0,0
753,-4745,-4600,490,4,2023-05-28 13:08:10,9094,9668,108,2,72,0,0
754,-4745,-4600,490,4,2023-05-28 13:08:10,9094,10309,119,2,73,0,0
755,-4745,-4600,490,4,2023-05-28 13:08:10,9094,11300,119,2,76,0,0
756,-4797,-4603,490,4,2023-05-28 13:08:10,9094,8404,93,2,62,0,0
757,-4797,-4603,490,4,2023-05-28 13:08:10,9094,8936,100,2,67,0,0
758,-4797,-4603,490,4,2023-05-28 13:08:10,9094,9668,108,2,72,0,0
759,-4797,-4603,490,4,2023-05-28 13:08:10,9094,10309,119,2,73,0,0
760,-4797,-4603,490,4,2023-05-28 13:08:10,9094,11300,119,2,76,0,0
761,-4867,-4612,489,4,2023-05-28 13:08:10,9094,8404,93,2,62,0,0
762,-4867,-4612,489,4,2023-05-28 13:08:10,9094,8936,100,2,67,0,0
763,-4867,-4612,489,4,2023-05-28 13:08:10,9094,9668,108,2,72,0,0
764,-4867,-4612,489,4,2023-05-28 13:08:10,9094,10309,119,2,73,0,0
765,-4867,-4612,489,4,2023-05-28 13:08:10,9094,11300,119,2,76,0,0
766,-4941,-4623,489,4,2023-05-28 13:08:11,9094,10075,130,2,83,0,0
767,-4941,-4623,489,4,2023-05-28 13:08:11,9094,10658,142,3,89,0,0
768,-4941,-4623,489,4,2023-05-28 13:08:11,9094,10497,161,3,99,0,0
769,-4999,-4632,489,4,2023-05-28 13:08:11,9094,10075,130,2,83,0,0
770,-4999,-4632,489,4,2023-05-28 13:08:11,9094,10658,142,3,89,0,0
771,-4999,-4632,489,4,2023-05-28 13:08:11,9094,10497,161,3,99,0,0
772,-5107,-4648,489,4,2023-05-28 13:08:11,9094,10075,130,2,83,0,0
773,-5107,-4648,489,4,2023-05-28 13:08:11,9094,10658,142,3,89,0,0
774,-5107,-4648,489,4,2023-05-28 13:08:11,9094,10497,161,3,99,0,0
775,-5198,-4661,489,4,2023-05-28 13:08:11,9094,10075,130,2,83,0,0
776,-5198,-4661,489,4,2023-05-28 13:08:11,9094,10658,142,3,89,0,0
777,-5198,-4661,489,4,2023-05-28 13:08:11,9094,10497,161,3,99,0,0
778,-5224,-4665,490,4,2023-05-28 13:08:11,9094,10075,130,2,83,0,0
779,-5224,-4665,490,4,2023-05-28 13:08:11,9094,10658,142,3,89,0,0
780,-5224,-4665,490,4,2023-05-28 13:08:11,9094,10497,161,3,99,0,0
781,-5351,-4682,490,4,2023-05-28 13:08:12,9094,10713,170,4,99,0,0
782,-5351,-4682,490,4,2023-05-28 13:08:12,9094,11084,182,4,99,0,0
783,-5351,-4682,490,4,2023-05-28 13:08:12,9094,11370,182,4,99,0,0
784,-5351,-4682,490,4,2023-05-28 13:08:12,9094,11787,189,4,99,0,0
785,-5351,-4682,490,4,2023-05-28 13:08:12,9094,10527,203,5,99,0,0
786,-5477,-4698,489,4,2023-05-28 13:08:12,9094,10713,170,4,99,0,0
787,-5477,-4698,489,4,2023-05-28 13:08:12,9094,11084,182,4,99,0,0
788,-5477,-4698,489,4,2023-05-28 13:08:12,9094,11370,182,4,99,0,0
789,-5477,-4698,489,4,2023-05-28 13:08:12,9094,11787,189,4,99,0,0
790,-5477,-4698,489,4,2023-05-28 13:08:12,9094,10527,203,5,99,0,0
791,-5601,-4713,490,4,2023-05-28 13:08:12,9094,10713,170,4,99,0,0
792,-5601,-4713,490,4,2023-05-28 13:08:12,9094,11084,182,4,99,0,0
793,-5601,-4713,490,4,2023-05-28 13:08:12,9094,11370,182,4,99,0,0
794,-5601,-4713,490,4,2023-05-28 13:08:12,9094,11787,189,4,99,0,0
795,-5601,-4713,490,4,2023-05-28 13:08:12,9094,10527,203,5,99,0,0
796,-5633,-4716,490,4,2023-05-28 13:08:12,9094,10713,170,4,99,0,0
797,-5633,-4716,490,4,2023-05-28 13:08:12,9094,11084,182,4,99,0,0
798,-5633,-4716,490,4,2023-05-28 13:08:12,9094,11370,182,4,99,0,0
799,-5633,-4716,490,4,2023-05-28 13:08:12,9094,11787,189,4,99,0,0
800,-5633,-4716,490,4,2023-05-28 13:08:12,9094,10527,203,5,99,0,0
801,-5819,-4738,489,4,2023-05-28 13:08:12,9094,10713,170,4,99,0,0
802,-5819,-4738,489,4,2023-05-28 13:08:12,9094,11084,182,4,99,0,0
803,-5819,-4738,489,4,2023-05-28 13:08:12,9094,11370,182,4,99,0,0
804,-5819,-4738,489,4,2023-05-28 13:08:12,9094,11787,189,4,99,0,0
805,-5819,-4738,489,4,2023-05-28 13:08:12,9094,10527,203,5,99,0,0
806,-5969,-4753,490,4,2023-05-28 13:08:13,9094,10996,214,5,56,0,0
807,-5969,-4753,490,4,2023-05-28 13:08:13,9094,10656,213,5,0,100,0
808,-5969,-4753,490,4,2023-05-28 13:08:13,9094,10754,181,5,0,100,0
809,-6180,-4773,490,4,2023-05-28 13:08:13,9094,10996,214,5,56,0,0
810,-6180,-4773,490,4,2023-05-28 13:08:13,9094,10656,213,5,0,100,0
811,-6180,-4773,490,4,2023-05-28 13:08:13,9094,10754,181,5,0,100,0
812,-6235,-4777,490,4,2023-05-28 13:08:13,9094,10996,214,5,56,0,0
813,-6235,-4777,490,4,2023-05-28 13:08:13,9094,10656,213,5,0,100,0
814,-6235,-4777,490,4,2023-05-28 13:08:13,9094,10754,181,5,0,100,0
815,-6360,-4785,489,4,2023-05-28 13:08:13,9094,10996,214,5,56,0,0
816,-6360,-4785,489,4,2023-05-28 13:08:13,9094,10656,213,5,0,100,0
817,-6360,-4785,489,4,2023-05-28 13:08:13,9094,10754,181,5,0,100,0
818,-6503,-4794,490,4,2023-05-28 13:08:14,9094,11087,163,3,0,100,0
819,-6503,-4794,490,4,2023-05-28 13:08:14,9094,10747,152,3,0,100,0
820,-6503,-4794,490,4,2023-05-28 13:08:14,9094,10253,148,3,0,0,0
821,-6621,-4810,491,4,2023-05-28 13:08:14,9094,11087,163,3,0,100,0
822,-6621,-4810,491,4,2023-05-28 13:08:14,9094,10747,152,3,0,100,0
823,-6621,-4810,491,4,2023-05-28 13:08:14,9094,10253,148,3,0,0,0
824,-6696,-4833,490,4,2023-05-28 13:08:14,9094,11087,163,3,0,100,0
825,-6696,-4833,490,4,2023-05-28 13:08:14,9094,10747,152,3,0,100,0
826,-6696,-4833,490,4,2023-05-28 13:08:14,9094,10253,148,3,0,0,0
827,-6848,-4939,488,4,2023-05-28 13:08:14,9094,11087,163,3,0,100,0
828,-6848,-4939,488,4,2023-05-28 13:08:14,9094,10747,152,3,0,100,0
829,-6848,-4939,488,4,2023-05-28 13:08:14,9094,10253,148,3,0,0,0
830,-6943,-5049,486,4,2023-05-28 13:08:15,9094,10160,144,3,15,0,0
831,-6943,-5049,486,4,2023-05-28 13:08:15,9094,10143,141,3,42,0,0
832,-6943,-5049,486,4,2023-05-28 13:08:15,9094,10573,145,3,59,0,0
833,-6943,-5049,486,4,2023-05-28 13:08:15,9094,10855,145,3,72,0,0
834,-6980,-5102,486,4,2023-05-28 13:08:15,9094,10160,144,3,15,0,0
835,-6980,-5102,486,4,2023-05-28 13:08:15,9094,10143,141,3,42,0,0
836,-6980,-5102,486,4,2023-05-28 13:08:15,9094,10573,145,3,59,0,0
837,-6980,-5102,486,4,2023-05-28 13:08:15,9094,10855,145,3,72,0,0
838,-7028,-5179,484,4,2023-05-28 13:08:15,9094,10160,144,3,15,0,0
839,-7028,-5179,484,4,2023-05-28 13:08:15,9094,10143,141,3,42,0,0
840,-7028,-5179,484,4,2023-05-28 13:08:15,9094,10573,145,3,59,0,0
841,-7028,-5179,484,4,2023-05-28 13:08:15,9094,10855,145,3,72,0,0
842,-7117,-5372,483,4,2023-05-28 13:08:16,9094,11290,152,3,82,0,0
843,-7117,-5372,483,4,2023-05-28 13:08:16,9094,11509,161,3,90,0,0
844,-7117,-5372,483,4,2023-05-28 13:08:16,9094,11168,177,4,99,0,0
845,-7117,-5372,483,4,2023-05-28 13:08:16,9094,11659,190,4,98,0,0
846,-7131,-5417,483,4,2023-05-28 13:08:16,9094,11290,152,3,82,0,0
847,-7131,-5417,483,4,2023-05-28 13:08:16,9094,11509,161,3,90,0,0
848,-7131,-5417,483,4,2023-05-28 13:08:16,9094,11168,177,4,99,0,0
849,-7131,-5417,483,4,2023-05-28 13:08:16,9094,11659,190,4,98,0,0
850,-7161,-5522,483,4,2023-05-28 13:08:16,9094,11290,152,3,82,0,0
851,-7161,-5522,483,4,2023-05-28 13:08:16,9094,11509,161,3,90,0,0
852,-7161,-5522,483,4,2023-05-28 13:08:16,9094,11168,177,4,99,0,0
853,-7161,-5522,483,4,2023-05-28 13:08:16,9094,11659,190,4,98,0,0
854,-7206,-5792,482,4,2023-05-28 13:08:17,9094,11340,194,4,74,0,0
855,-7206,-5792,482,4,2023-05-28 13:08:17,9094,10361,198,5,61,0,0
856,-7206,-5792,482,4,2023-05-28 13:08:17,9094,9875,192,5,14,0,0
857,-7206,-5792,482,4,2023-05-28 13:08:17,9094,10050,190,5,41,0,0
858,-7217,-5924,482,4,2023-05-28 13:08:17,9094,11340,194,4,74,0,0
859,-7217,-5924,482,4,2023-05-28 13:08:17,9094,10361,198,5,61,0,0
860,-7217,-5924,482,4,2023-05-28 13:08:17,9094,9875,192,5,14,0,0
861,-7217,-5924,482,4,2023-05-28 13:08:17,9094,10050,190,5,41,0,0
862,-7220,-6021,482,4,2023-05-28 13:08:17,9094,11340,194,4,74,0,0
863,-7220,-6021,482,4,2023-05-28 13:08:17,9094,10361,198,5,61,0,0
864,-7220,-6021,482,4,2023-05-28 13:08:17,9094,9875,192,5,14,0,0
865,-7220,-6021,482,4,2023-05-28 13:08:17,9094,10050,190,5,41,0,0
866,-7218,-6106,482,4,2023-05-28 13:08:17,9094,11340,194,4,74,0,0
867,-7218,-6106,482,4,2023-05-28 13:08:17,9094,10361,198,5,61,0,0
868,-7218,-6106,482,4,2023-05-28 13:08:17,9094,9875,192,5,14,0,0
869,-7218,-6106,482,4,2023-05-28 13:08:17,9094,10050,190,5,41,0,0
870,-7185,-6294,481,4,2023-05-28 13:08:18,9094,9986,189,5,61,0,0
871,-7185,-6294,481,4,2023-05-28 13:08:18,9094,10210,192,5,87,0,0
872,-7185,-6294,481,4,2023-05-28 13:08:18,9094,10679,202,5,87,0,0
873,-7134,-6387,481,4,2023-05-28 13:08:18,9094,9986,189,5,61,0,0
874,-7134,-6387,481,4,2023-05-28 13:08:18,9094,10210,192,5,87,0,0
875,-7134,-6387,481,4,2023-05-28 13:08:18,9094,10679,202,5,87,0,0
876,-7011,-6527,480,4,2023-05-28 13:08:18,9094,9986,189,5,61,0,0
877,-7011,-6527,480,4,2023-05-28 13:08:18,9094,10210,192,5,87,0,0
878,-7011,-6527,480,4,2023-05-28 13:08:18,9094,10679,202,5,87,0,0
879,-6978,-6597,481,4,2023-05-28 13:08:18,9094,9986,189,5,61,0,0
880,-6978,-6597,481,4,2023-05-28 13:08:18,9094,10210,192,5,87,0,0
881,-6978,-6597,481,4,2023-05-28 13:08:18,9094,10679,202,5,87,0,0
882,-6945,-6684,480,4,2023-05-28 13:08:19,9094,11120,209,5,80,0,0
883,-6945,-6684,480,4,2023-05-28 13:08:19,9094,10930,211,5,83,0,0
884,-6945,-6684,480,4,2023-05-28 13:08:19,9094,11226,211,5,75,0,0
885,-6945,-6684,480,4,2023-05-28 13:08:19,9094,10159,203,5,0,100,0
886,-6896,-6842,479,4,2023-05-28 13:08:19,9094,11120,209,5,80,0,0
887,-6896,-6842,479,4,2023-05-28 13:08:19,9094,10930,211,5,83,0,0
888,-6896,-6842,479,4,2023-05-28 13:08:19,9094,11226,211,5,75,0,0
889,-6896,-6842,479,4,2023-05-28 13:08:19,9094,10159,203,5,0,100,0
890,-6860,-6967,479,4,2023-05-28 13:08:19,9094,11120,209,5,80,0,0
891,-6860,-6967,479,4,2023-05-28 13:08:19,9094,10930,211,5,83,0,0
892,-6860,-6967,479,4,2023-05-28 13:08:19,9094,11226,211,5,75,0,0
893,-6860,-6967,479,4,2023-05-28 13:08:19,9094,10159,203,5,0,100,0
894,-6837,-7059,479,4,2023-05-28 13:08:19,9094,11120,209,5,80,0,0
895,-6837,-7059,479,4,2023-05-28 13:08:19,9094,10930,211,5,83,0,0
896,-6837,-7059,479,4,2023-05-28 13:08:19,9094,11226,211,5,75,0,0
897,-6837,-7059,479,4,2023-05-28 13:08:19,9094,10159,203,5,0,100,0
898,-6806,-7204,479,4,2023-05-28 13:08:19,9094,11120,209,5,80,0,0
899,-6806,-7204,479,4,2023-05-28 13:08:19,9094,10930,211,5,83,0,0
900,-6806,-7204,479,4,2023-05-28 13:08:19,9094,11226,211,5,75,0,0
901,-6806,-7204,479,4,2023-05-28 13:08:19,9094,10159,203,5,0,100,0
902,-6791,-7289,479,4,2023-05-28 13:08:20,9094,9663,195,5,0,100,0
903,-6791,-7289,479,4,2023-05-28 13:08:20,9094,10718,159,5,0,100,0
904,-6791,-7289,479,4,2023-05-28 13:08:20,9094,10060,144,3,0,100,0
905,-6777,-7386,479,4,2023-05-28 13:08:20,9094,9663,195,5,0,100,0
906,-6777,-7386,479,4,2023-05-28 13:08:20,9094,10718,159,5,0,100,0
907,-6777,-7386,479,4,2023-05-28 13:08:20,9094,10060,144,3,0,100,0
908,-6757,-7565,479,4,2023-05-28 13:08:20,9094,9663,195,5,0,100,0
909,-6757,-7565,479,4,2023-05-28 13:08:20,9094,10718,159,5,0,100,0
910,-6757,-7565,479,4,2023-05-28 13:08:20,9094,10060,144,3,0,100,0
911,-6748,-7677,479,4,2023-05-28 13:08:20,9094,9663,195,5,0,100,0
912,-6748,-7677,479,4,2023-05-28 13:08:20,9094,10718,159,5,0,100,0
913,-6748,-7677,479,4,2023-05-28 13:08:20,9094,10060,144,3,0,100,0
914,-6745,-7767,479,4,2023-05-28 13:08:21,9094,9554,136,3,0,100,0
915,-6745,-7767,479,4,2023-05-28 13:08:21,9094,9421,133,3,0,0,0
916,-6745,-7767,479,4,2023-05-28 13:08:21,9094,8978,128,3,0,100,0
917,-6745,-7767,479,4,2023-05-28 13:08:21,9094,8810,126,3,0,0,0
918,-6745,-7767,479,4,2023-05-28 13:08:21,9094,8771,123,3,0,0,0
919,-6755,-7887,479,4,2023-05-28 13:08:21,9094,9554,136,3,0,100,0
920,-6755,-7887,479,4,2023-05-28 13:08:21,9094,9421,133,3,0,0,0
921,-6755,-7887,479,4,2023-05-28 13:08:21,9094,8978,128,3,0,100,0
922,-6755,-7887,479,4,2023-05-28 13:08:21,9094,8810,126,3,0,0,0
923,-6755,-7887,479,4,2023-05-28 13:08:21,9094,8771,123,3,0,0,0
924,-6793,-7964,479,4,2023-05-28 13:08:21,9094,9554,136,3,0,100,0
925,-6793,-7964,479,4,2023-05-28 13:08:21,9094,9421,133,3,0,0,0
926,-6793,-7964,479,4,2023-05-28 13:08:21,9094,8978,128,3,0,100,0
927,-6793,-7964,479,4,2023-05-28 13:08:21,9094,8810,126,3,0,0,0
928,-6793,-7964,479,4,2023-05-28 13:08:21,9094,8771,123,3,0,0,0
929,-6872,-8041,479,4,2023-05-28 13:08:21,9094,9554,136,3,0,100,0
930,-6872,-8041,479,4,2023-05-28 13:08:21,9094,9421,133,3,0,0,0
931,-6872,-8041,479,4,2023-05-28 13:08:21,9094,8978,128,3,0,100,0
932,-6872,-8041,479,4,2023-05-28 13:08:21,9094,8810,126,3,0,0,0
933,-6872,-8041,479,4,2023-05-28 13:08:21,9094,8771,123,3,0,0,0
934,-6896,-8113,479,4,2023-05-28 13:08:22,9094,8424,120,3,0,100,0
935,-6896,-8113,479,4,2023-05-28 13:08:22,9094,7923,118,3,0,0,0
936,-6896,-8113,479,4,2023-05-28 13:08:22,9094,7907,110,3,37,0,0
937,-6895,-8226,478,4,2023-05-28 13:08:22,9094,8424,120,3,0,100,0
938,-6895,-8226,478,4,2023-05-28 13:08:22,9094,7923,118,3,0,0,0
939,-6895,-8226,478,4,2023-05-28 13:08:22,9094,7907,110,3,37,0,0
940,-6876,-8339,478,4,2023-05-28 13:08:23,9094,8852,122,3,68,0,0
941,-6876,-8339,478,4,2023-05-28 13:08:23,9094,9804,125,3,87,0,0
942,-6876,-8339,478,4,2023-05-28 13:08:23,9094,10274,136,3,87,0,0
943,-6850,-8441,476,4,2023-05-28 13:08:23,9094,8852,122,3,68,0,0
944,-6850,-8441,476,4,2023-05-28 13:08:23,9094,9804,125,3,87,0,0
945,-6850,-8441,476,4,2023-05-28 13:08:23,9094,10274,136,3,87,0,0
946,-6797,-8594,476,4,2023-05-28 13:08:23,9094,8852,122,3,68,0,0
947,-6797,-8594,476,4,2023-05-28 13:08:23,9094,9804,125,3,87,0,0
948,-6797,-8594,476,4,2023-05-28 13:08:23,9094,10274,136,3,87,0,0
949,-6771,-8652,477,4,2023-05-28 13:08:23,9094,8852,122,3,68,0,0
950,-6771,-8652,477,4,2023-05-28 13:08:23,9094,9804,125,3,87,0,0
951,-6771,-8652,477,4,2023-05-28 13:08:23,9094,10274,136,3,87,0,0
952,-6743,-8712,478,4,2023-05-28 13:08:24,9094,10684,149,3,93,0,0
953,-6743,-8712,478,4,2023-05-28 13:08:24,9094,10684,153,3,93,0,0
954,-6743,-8712,478,4,2023-05-28 13:08:24,9094,10684,153,3,93,0,0
955,-6743,-8712,478,4,2023-05-28 13:08:24,9094,10684,153,3,93,0,0
956,-6743,-8712,478,4,2023-05-28 13:08:24,9094,11664,177,3,2,0,0
957,-6676,-8830,478,4,2023-05-28 13:08:24,9094,10684,149,3,93,0,0
958,-6676,-8830,478,4,2023-05-28 13:08:24,9094,10684,153,3,93,0,0
959,-6676,-8830,478,4,2023-05-28 13:08:24,9094,10684,153,3,93,0,0
960,-6676,-8830,478,4,2023-05-28 13:08:24,9094,10684,153,3,93,0,0
961,-6676,-8830,478,4,2023-05-28 13:08:24,9094,11664,177,3,2,0,0
962,-6633,-8894,478,4,2023-05-28 13:08:24,9094,10684,149,3,93,0,0
963,-6633,-8894,478,4,2023-05-28 13:08:24,9094,10684,153,3,93,0,0
964,-6633,-8894,478,4,2023-05-28 13:08:24,9094,10684,153,3,93,0,0
965,-6633,-8894,478,4,2023-05-28 13:08:24,9094,10684,153,3,93,0,0
966,-6633,-8894,478,4,2023-05-28 13:08:24,9094,11664,177,3,2,0,0
967,-6570,-8975,477,4,2023-05-28 13:08:24,9094,10684,149,3,93,0,0
968,-6570,-8975,477,4,2023-05-28 13:08:24,9094,10684,153,3,93,0,0
969,-6570,-8975,477,4,2023-05-28 13:08:24,9094,10684,153,3,93,0,0
970,-6570,-8975,477,4,2023-05-28 13:08:24,9094,10684,153,3,93,0,0
971,-6570,-8975,477,4,2023-05-28 13:08:24,9094,11664,177,3,2,0,0
972,-6507,-9048,477,4,2023-05-28 13:08:25,9094,11731,172,3,0,100,0
973,-6507,-9048,477,4,2023-05-28 13:08:25,9094,11009,168,3,0,100,0
974,-6507,-9048,477,4,2023-05-28 13:08:25,9094,10264,147,3,0,100,0
975,-6365,-9167,479,4,2023-05-28 13:08:25,9094,11731,172,3,0,100,0
976,-6365,-9167,479,4,2023-05-28 13:08:25,9094,11009,168,3,0,100,0
977,-6365,-9167,479,4,2023-05-28 13:08:25,9094,10264,147,3,0,100,0
978,-6251,-9234,476,4,2023-05-28 13:08:25,9094,11731,172,3,0,100,0
979,-6251,-9234,476,4,2023-05-28 13:08:25,9094,11009,168,3,0,100,0
980,-6251,-9234,476,4,2023-05-28 13:08:25,9094,10264,147,3,0,100,0
981,-6236,-9242,477,4,2023-05-28 13:08:25,9094,11731,172,3,0,100,0
982,-6236,-9242,477,4,2023-05-28 13:08:25,9094,11009,168,3,0,100,0
983,-6236,-9242,477,4,2023-05-28 13:08:25,9094,10264,147,3,0,100,0
984,-6119,-9305,480,4,2023-05-28 13:08:26,9094,11088,128,2,0,100,0
985,-6119,-9305,480,4,2023-05-28 13:08:26,9094,10108,122,2,0,100,0
986,-6119,-9305,480,4,2023-05-28 13:08:26,9094,8428,99,2,0,100,0
987,-6119,-9305,480,4,2023-05-28 13:08:26,9094,6625,80,2,0,100,0
988,-6039,-9353,482,4,2023-05-28 13:08:26,9094,11088,128,2,0,100,0
989,-6039,-9353,482,4,2023-05-28 13:08:26,9094,10108,122,2,0,100,0
990,-6039,-9353,482,4,2023-05-28 13:08:26,9094,8428,99,2,0,100,0
991,-6039,-9353,482,4,2023-05-28 13:08:26,9094,6625,80,2,0,100,0
992,-5969,-9416,483,4,2023-05-28 13:08:26,9094,11088,128,2,0,100,0
993,-5969,-9416,483,4,2023-05-28 13:08:26,9094,10108,122,2,0,100,0
994,-5969,-9416,483,4,2023-05-28 13:08:26,9094,8428,99,2,0,100,0
995,-5969,-9416,483,4,2023-05-28 13:08:26,9094,6625,80,2,0,100,0
996,-5959,-9430,483,4,2023-05-28 13:08:26,9094,11088,128,2,0,100,0
997,-5959,-9430,483,4,2023-05-28 13:08:26,9094,10108,122,2,0,100,0
998,-5959,-9430,483,4,2023-05-28 13:08:26,9094,8428,99,2,0,100,0
999,-5959,-9430,483,4,2023-05-28 13:08:26,9094,6625,80,2,0,100,0
1000,-5933,-9490,484,4,2023-05-28 13:08:27,9094,6140,74,2,0,100,0
1001,-5933,-9490,484,4,2023-05-28 13:08:27,9094,5773,70,2,0,100,0
1002,-5933,-9490,484,4,2023-05-28 13:08:27,9094,5679,64,2,0,0,0
1003,-5930,-9543,486,4,2023-05-28 13:08:27,9094,6140,74,2,0,100,0
1004,-5930,-9543,486,4,2023-05-28 13:08:27,9094,5773,70,2,0,100,0
1005,-5930,-9543,486,4,2023-05-28 13:08:27,9094,5679,64,2,0,0,0
1006,-5942,-9608,487,4,2023-05-28 13:08:27,9094,6140,74,2,0,100,0
1007,-5942,-9608,487,4,2023-05-28 13:08:27,9094,5773,70,2,0,100,0
1008,-5942,-9608,487,4,2023-05-28 13:08:27,9094,5679,64,2,0,0,0
1009,-5950,-9628,487,4,2023-05-28 13:08:27,9094,6140,74,2,0,100,0
1010,-5950,-9628,487,4,2023-05-28 13:08:27,9094,5773,70,2,0,100,0
1011,-5950,-9628,487,4,2023-05-28 13:08:27,9094,5679,64,2,0,0,0
1012,-5979,-9675,489,4,2023-05-28 13:08:28,9094,5286,62,2,0,0,0
1013,-5979,-9675,489,4,2023-05-28 13:08:28,9094,5029,59,2,0,0,0
1014,-5979,-9675,489,4,2023-05-28 13:08:28,9094,5392,57,2,17,0,0
1015,-6010,-9704,490,4,2023-05-28 13:08:28,9094,5286,62,2,0,0,0
1016,-6010,-9704,490,4,2023-05-28 13:08:28,9094,5029,59,2,0,0,0
1017,-6010,-9704,490,4,2023-05-28 13:08:28,9094,5392,57,2,17,0,0
1018,-6044,-9723,492,4,2023-05-28 13:08:28,9094,5286,62,2,0,0,0
1019,-6044,-9723,492,4,2023-05-28 13:08:28,9094,5029,59,2,0,0,0
1020,-6044,-9723,492,4,2023-05-28 13:08:28,9094,5392,57,2,17,0,0
1021,-6099,-9741,496,4,2023-05-28 13:08:28,9094,5286,62,2,0,0,0
1022,-6099,-9741,496,4,2023-05-28 13:08:28,9094,5029,59,2,0,0,0
1023,-6099,-9741,496,4,2023-05-28 13:08:28,9094,5392,57,2,17,0,0
1024,-6149,-9753,498,4,2023-05-28 13:08:29,9094,5729,61,2,29,0,0
1025,-6149,-9753,498,4,2023-05-28 13:08:29,9094,6171,63,2,52,0,0
1026,-6149,-9753,498,4,2023-05-28 13:08:29,9094,6873,71,2,57,0,0
1027,-6149,-9753,498,4,2023-05-28 13:08:29,9094,7386,74,2,59,0,0
1028,-6149,-9753,498,4,2023-05-28 13:08:29,9094,8437,88,2,69,0,0
1029,-6180,-9758,500,4,2023-05-28 13:08:29,9094,5729,61,2,29,0,0
1030,-6180,-9758,500,4,2023-05-28 13:08:29,9094,6171,63,2,52,0,0
1031,-6180,-9758,500,4,2023-05-28 13:08:29,9094,6873,71,2,57,0,0
1032,-6180,-9758,500,4,2023-05-28 13:08:29,9094,7386,74,2,59,0,0
1033,-6180,-9758,500,4,2023-05-28 13:08:29,9094,8437,88,2,69,0,0
1034,-6251,-9765,503,4,2023-05-28 13:08:29,9094,5729,61,2,29,0,0
1035,-6251,-9765,503,4,2023-05-28 13:08:29,9094,6171,63,2,52,0,0
1036,-6251,-9765,503,4,2023-05-28 13:08:29,9094,6873,71,2,57,0,0
1037,-6251,-9765,503,4,2023-05-28 13:08:29,9094,7386,74,2,59,0,0
1038,-6251,-9765,503,4,2023-05-28 13:08:29,9094,8437,88,2,69,0,0
1039,-6281,-9767,505,4,2023-05-28 13:08:29,9094,5729,61,2,29,0,0
1040,-6281,-9767,505,4,2023-05-28 13:08:29,9094,6171,63,2,52,0,0
1041,-6281,-9767,505,4,2023-05-28 13:08:29,9094,6873,71,2,57,0,0
1042,-6281,-9767,505,4,2023-05-28 13:08:29,9094,7386,74,2,59,0,0
1043,-6281,-9767,505,4,2023-05-28 13:08:29,9094,8437,88,2,69,0,0
1044,-6343,-9771,508,4,2023-05-28 13:08:30,9094,9079,95,2,71,0,0
1045,-6343,-9771,508,4,2023-05-28 13:08:30,9094,9066,103,2,69,0,0
1046,-6343,-9771,508,4,2023-05-28 13:08:30,9094,8550,102,2,0,100,0
1047,-6343,-9771,508,4,2023-05-28 13:08:30,9094,7935,94,2,0,100,0
1048,-6343,-9771,508,4,2023-05-28 13:08:30,9094,7828,91,2,0,100,0
1049,-6451,-9773,512,4,2023-05-28 13:08:30,9094,9079,95,2,71,0,0
1050,-6451,-9773,512,4,2023-05-28 13:08:30,9094,9066,103,2,69,0,0
1051,-6451,-9773,512,4,2023-05-28 13:08:30,9094,8550,102,2,0,100,0
1052,-6451,-9773,512,4,2023-05-28 13:08:30,9094,7935,94,2,0,100,0
1053,-6451,-9773,512,4,2023-05-28 13:08:30,9094,7828,91,2,0,100,0
1054,-6525,-9768,516,4,2023-05-28 13:08:30,9094,9079,95,2,71,0,0
1055,-6525,-9768,516,4,2023-05-28 13:08:30,9094,9066,103,2,69,0,0
1056,-6525,-9768,516,4,2023-05-28 13:08:30,9094,8550,102,2,0,100,0
1057,-6525,-9768,516,4,2023-05-28 13:08:30,9094,7935,94,2,0,100,0
1058,-6525,-9768,516,4,2023-05-28 13:08:30,9094,7828,91,2,0,100,0
1059,-6565,-9763,518,4,2023-05-28 13:08:31,9094,7400,87,2,0,0,0
1060,-6565,-9763,518,4,2023-05-28 13:08:31,9094,7196,84,2,0,0,0
1061,-6565,-9763,518,4,2023-05-28 13:08:31,9094,7021,80,2,6,0,0
1062,-6565,-9763,518,4,2023-05-28 13:08:31,9094,7009,79,2,13,0,0
1063,-6612,-9755,519,4,2023-05-28 13:08:31,9094,7400,87,2,0,0,0
1064,-6612,-9755,519,4,2023-05-28 13:08:31,9094,7196,84,2,0,0,0
1065,-6612,-9755,519,4,2023-05-28 13:08:31,9094,7021,80,2,6,0,0
1066,-6612,-9755,519,4,2023-05-28 13:08:31,9094,7009,79,2,13,0,0
1067,-6664,-9739,520,4,2023-05-28 13:08:31,9094,7400,87,2,0,0,0
1068,-6664,-9739,520,4,2023-05-28 13:08:31,9094,7196,84,2,0,0,0
1069,-6664,-9739,520,4,2023-05-28 13:08:31,9094,7021,80,2,6,0,0
1070,-6664,-9739,520,4,2023-05-28 13:08:31,9094,7009,79,2,13,0,0
1071,-6702,-9719,520,4,2023-05-28 13:08:31,9094,7400,87,2,0,0,0
1072,-6702,-9719,520,4,2023-05-28 13:08:31,9094,7196,84,2,0,0,0
1073,-6702,-9719,520,4,2023-05-28 13:08:31,9094,7021,80,2,6,0,0
1074,-6702,-9719,520,4,2023-05-28 13:08:31,9094,7009,79,2,13,0,0
1075,-6739,-9685,519,4,2023-05-28 13:08:31,9094,7400,87,2,0,0,0
1076,-6739,-9685,519,4,2023-05-28 13:08:31,9094,7196,84,2,0,0,0
1077,-6739,-9685,519,4,2023-05-28 13:08:31,9094,7021,80,2,6,0,0
1078,-6739,-9685,519,4,2023-05-28 13:08:31,9094,7009,79,2,13,0,0
1079,-6765,-9645,515,4,2023-05-28 13:08:32,9094,7165,81,2,20,0,0
1080,-6765,-9645,515,4,2023-05-28 13:08:32,9094,7764,81,2,35,0,0
1081,-6765,-9645,515,4,2023-05-28 13:08:32,9094,8263,86,2,57,0,0
1082,-6788,-9582,512,4,2023-05-28 13:08:32,9094,7165,81,2,20,0,0
1083,-6788,-9582,512,4,2023-05-28 13:08:32,9094,7764,81,2,35,0,0
1084,-6788,-9582,512,4,2023-05-28 13:08:32,9094,8263,86,2,57,0,0
1085,-6809,-9494,510,4,2023-05-28 13:08:32,9094,7165,81,2,20,0,0
1086,-6809,-9494,510,4,2023-05-28 13:08:32,9094,7764,81,2,35,0,0
1087,-6809,-9494,510,4,2023-05-28 13:08:32,9094,8263,86,2,57,0,0
1088,-6813,-9474,509,4,2023-05-28 13:08:32,9094,7165,81,2,20,0,0
1089,-6813,-9474,509,4,2023-05-28 13:08:32,9094,7764,81,2,35,0,0
1090,-6813,-9474,509,4,2023-05-28 13:08:32,9094,8263,86,2,57,0,0
1091,-6824,-9422,509,4,2023-05-28 13:08:33,9094,9137,92,2,75,0,0
1092,-6824,-9422,509,4,2023-05-28 13:08:33,9094,9697,108,2,74,0,0
1093,-6824,-9422,509,4,2023-05-28 13:08:33,9094,11806,129,2,82,0,0
1094,-6849,-9331,507,4,2023-05-28 13:08:33,9094,9137,92,2,75,0,0
1095,-6849,-9331,507,4,2023-05-28 13:08:33,9094,9697,108,2,74,0,0
1096,-6849,-9331,507,4,2023-05-28 13:08:33,9094,11806,129,2,82,0,0
1097,-6868,-9285,506,4,2023-05-28 13:08:33,9094,9137,92,2,75,0,0
1098,-6868,-9285,506,4,2023-05-28 13:08:33,9094,9697,108,2,74,0,0
1099,-6868,-9285,506,4,2023-05-28 13:08:33,9094,11806,129,2,82,0,0
1100,-6892,-9237,506,4,2023-05-28 13:08:33,9094,9137,92,2,75,0,0
1101,-6892,-9237,506,4,2023-05-28 13:08:33,9094,9697,108,2,74,0,0
1102,-6892,-9237,506,4,2023-05-28 13:08:33,9094,11806,129,2,82,0,0
1103,-6961,-9124,504,4,2023-05-28 13:08:33,9094,9137,92,2,75,0,0
1104,-6961,-9124,504,4,2023-05-28 13:08:33,9094,9697,108,2,74,0,0
1105,-6961,-9124,504,4,2023-05-28 13:08:33,9094,11806,129,2,82,0,0
1106,-7030,-9025,503,4,2023-05-28 13:08:34,9094,10516,143,2,88,0,0
1107,-7030,-9025,503,4,2023-05-28 13:08:34,9094,11212,153,3,94,0,0
1108,-7030,-9025,503,4,2023-05-28 13:08:34,9094,10423,153,4,99,0,0
1109,-7030,-9025,503,4,2023-05-28 13:08:34,9094,11061,153,4,99,0,0
1110,-7088,-8940,504,4,2023-05-28 13:08:34,9094,10516,143,2,88,0,0
1111,-7088,-8940,504,4,2023-05-28 13:08:34,9094,11212,153,3,94,0,0
1112,-7088,-8940,504,4,2023-05-28 13:08:34,9094,10423,153,4,99,0,0
1113,-7088,-8940,504,4,2023-05-28 13:08:34,9094,11061,153,4,99,0,0
1114,-7140,-8853,504,4,2023-05-28 13:08:34,9094,10516,143,2,88,0,0
1115,-7140,-8853,504,4,2023-05-28 13:08:34,9094,11212,153,3,94,0,0
1116,-7140,-8853,504,4,2023-05-28 13:08:34,9094,10423,153,4,99,0,0
1117,-7140,-8853,504,4,2023-05-28 13:08:34,9094,11061,153,4,99,0,0
1118,-7197,-8738,504,4,2023-05-28 13:08:35,9094,11393,183,4,99,0,0
1119,-7197,-8738,504,4,2023-05-28 13:08:35,9094,10689,191,4,99,0,0
1120,-7197,-8738,504,4,2023-05-28 13:08:35,9094,10956,205,5,99,0,0
1121,-7197,-8738,504,4,2023-05-28 13:08:35,9094,11101,205,5,99,0,0
1122,-7230,-8661,503,4,2023-05-28 13:08:35,9094,11393,183,4,99,0,0
1123,-7230,-8661,503,4,2023-05-28 13:08:35,9094,10689,191,4,99,0,0
1124,-7230,-8661,503,4,2023-05-28 13:08:35,9094,10956,205,5,99,0,0
1125,-7230,-8661,503,4,2023-05-28 13:08:35,9094,11101,205,5,99,0,0
1126,-7257,-8591,503,4,2023-05-28 13:08:35,9094,11393,183,4,99,0,0
1127,-7257,-8591,503,4,2023-05-28 13:08:35,9094,10689,191,4,99,0,0
1128,-7257,-8591,503,4,2023-05-28 13:08:35,9094,10956,205,5,99,0,0
1129,-7257,-8591,503,4,2023-05-28 13:08:35,9094,11101,205,5,99,0,0
1130,-7329,-8376,503,4,2023-05-28 13:08:35,9094,11393,183,4,99,0,0
1131,-7329,-8376,503,4,2023-05-28 13:08:35,9094,10689,191,4,99,0,0
1132,-7329,-8376,503,4,2023-05-28 13:08:35,9094,10956,205,5,99,0,0
1133,-7329,-8376,503,4,2023-05-28 13:08:35,9094,11101,205,5,99,0,0
1134,-7384,-8194,503,4,2023-05-28 13:08:36,9094,11585,216,5,99,0,0
1135,-7384,-8194,503,4,2023-05-28 13:08:36,9094,11592,220,5,99,0,0
1136,-7384,-8194,503,4,2023-05-28 13:08:36,9094,10686,230,6,99,0,0
1137,-7384,-8194,503,4,2023-05-28 13:08:36,9094,10967,239,6,99,0,0
1138,-7431,-8030,502,4,2023-05-28 13:08:36,9094,11585,216,5,99,0,0
1139,-7431,-8030,502,4,2023-05-28 13:08:36,9094,11592,220,5,99,0,0
1140,-7431,-8030,502,4,2023-05-28 13:08:36,9094,10686,230,6,99,0,0
1141,-7431,-8030,502,4,2023-05-28 13:08:36,9094,10967,239,6,99,0,0
1142,-7468,-7895,502,4,2023-05-28 13:08:36,9094,11585,216,5,99,0,0
1143,-7468,-7895,502,4,2023-05-28 13:08:36,9094,11592,220,5,99,0,0
1144,-7468,-7895,502,4,2023-05-28 13:08:36,9094,10686,230,6,99,0,0
1145,-7468,-7895,502,4,2023-05-28 13:08:36,9094,10967,239,6,99,0,0
1146,-7502,-7770,502,4,2023-05-28 13:08:36,9094,11585,216,5,99,0,0
1147,-7502,-7770,502,4,2023-05-28 13:08:36,9094,11592,220,5,99,0,0
1148,-7502,-7770,502,4,2023-05-28 13:08:36,9094,10686,230,6,99,0,0
1149,-7502,-7770,502,4,2023-05-28 13:08:36,9094,10967,239,6,99,0,0
1150,-7541,-7615,502,4,2023-05-28 13:08:36,9094,11585,216,5,99,0,0
1151,-7541,-7615,502,4,2023-05-28 13:08:36,9094,11592,220,5,99,0,0
1152,-7541,-7615,502,4,2023-05-28 13:08:36,9094,10686,230,6,99,0,0
1153,-7541,-7615,502,4,2023-05-28 13:08:36,9094,10967,239,6,99,0,0
1154,-7599,-7321,503,4,2023-05-28 13:08:37,9094,11324,248,6,99,0,0
1155,-7599,-7321,503,4,2023-05-28 13:08:37,9094,11454,251,6,99,0,0
1156,-7599,-7321,503,4,2023-05-28 13:08:37,9094,10835,256,6,99,0,0
1157,-7629,-7077,503,4,2023-05-28 13:08:37,9094,11324,248,6,99,0,0
1158,-7629,-7077,503,4,2023-05-28 13:08:37,9094,11454,251,6,99,0,0
1159,-7629,-7077,503,4,2023-05-28 13:08:37,9094,10835,256,6,99,0,0
