,session_key,date_start,driver_number,i1_speed,i2_speed,st_speed,lap_duration,duration_sector_1,duration_sector_2,duration_sector_3,lap_number,air_temperature,humidity,pressure,rainfall,track_temperature,wind_direction,wind_speed,meeting_key
0,9094,2023-05-28 13:04,16,192.0,182.0,279.0,80.549,21.352,37.692,21.505,2,77.36,44.0,1013.4,0,109.58,48,2.237,1210
1,9094,2023-05-28 13:05,16,195.0,182.0,280.0,80.021,21.051,37.547,21.423,3,77.36,45.0,1013.5,0,109.04,66,1.7896,1210
2,9094,2023-05-28 13:07,16,196.0,184.0,279.0,79.468,21.023,37.375,21.07,4,77.72,45.0,1013.5,0,109.04,115,2.237,1210
3,9094,2023-05-28 13:08,16,198.0,185.0,280.0,78.837,20.803,37.198,20.836,5,77.9,44.0,1013.5,0,108.32,161,2.9081,1210
4,9094,2023-05-28 13:09,16,194.0,184.0,280.0,78.829,20.697,37.19,20.942,6,77.72,44.0,1013.5,0,108.32,132,2.237,1210
5,9094,2023-05-28 13:11,16,200.0,184.0,281.0,78.645,20.79,36.76,21.095,7,77.72,44.0,1013.5,0,106.52,50,1.3422,1210
6,9094,2023-05-28 13:12,16,195.0,186.0,280.0,79.165,20.826,37.057,21.282,8,77.72,44.0,1013.5,0,105.62,359,1.7896,1210
7,9094,2023-05-28 13:13,16,199.0,186.0,280.0,78.809,20.864,37.097,20.848,9,77.72,44.0,1013.5,0,105.8,147,2.6844,1210
8,9094,2023-05-28 13:15,16,202.0,186.0,280.0,78.219,20.645,36.61,20.964,10,77.9,42.0,1013.5,0,105.62,137,4.9214,1210
9,9094,2023-05-28 13:16,16,203.0,186.0,281.0,78.162,20.648,36.793,20.721,11,77.72,43.0,1013.5,0,104.36,142,2.6844,1210
10,9094,2023-05-28 13:17,16,196.0,188.0,280.0,78.15,20.704,36.657,20.789,12,77.53999999999999,44.0,1013.5,0,104.0,1,1.3422,1210
11,9094,2023-05-28 13:19,16,199.0,188.0,281.0,78.018,20.509,36.724,20.785,13,77.72,43.0,1013.5,0,104.18,136,1.3422,1210
12,9094,2023-05-28 13:20,16,201.0,185.0,281.0,78.394,20.523,36.988,20.883,14,77.72,43.0,1013.5,0,104.18,146,2.6844,1210
13,9094,2023-05-28 13:21,16,199.0,187.0,281.0,78.312,20.414,36.991,20.907,15,77.53999999999999,43.0,1013.5,0,103.82,148,1.7896,1210
14,9094,2023-05-28 13:22,16,197.0,184.0,281.0,78.316,20.527,37.0,20.789,16,77.53999999999999,44.0,1013.7,0,103.82,134,3.5792,1210
15,9094,2023-05-28 13:24,16,201.0,183.0,281.0,78.234,20.379,36.936,20.919,17,77.53999999999999,44.0,1013.5,0,103.1,168,1.7896,1210
16,9094,2023-05-28 13:25,16,199.0,188.0,281.0,78.361,20.446,37.09,20.825,18,77.36,44.0,1013.5,0,103.64,145,1.7896,1210
17,9094,2023-05-28 13:26,16,203.0,186.0,281.0,78.19,20.465,36.953,20.772,19,77.53999999999999,43.0,1013.5,0,103.64,104,3.3555,1210
18,9094,2023-05-28 13:28,16,200.0,185.0,281.0,78.365,20.385,37.097,20.883,20,77.53999999999999,42.0,1013.5,0,103.82,142,2.6844,1210
19,9094,2023-05-28 13:29,16,205.0,185.0,282.0,78.127,20.279,36.815,21.033,21,77.53999999999999,43.0,1013.5,0,103.46,91,4.474,1210
20,9094,2023-05-28 13:30,16,202.0,187.0,281.0,77.886,20.386,36.791,20.709,22,77.72,43.0,1013.5,0,102.56,154,2.9081,1210
21,9094,2023-05-28 13:32,16,203.0,185.0,282.0,77.922,20.291,36.848,20.783,23,77.53999999999999,43.0,1013.4,0,102.38,151,2.6844,1210
22,9094,2023-05-28 13:33,16,204.0,186.0,281.0,77.586,20.22,36.631,20.735,24,77.72,42.0,1013.4,0,102.2,141,2.4607,1210
23,9094,2023-05-28 13:34,16,,187.0,282.0,77.619,20.203,36.65,20.766,25,77.72,42.0,1013.2,0,102.2,140,3.3555,1210
24,9094,2023-05-28 13:35,16,203.0,189.0,281.0,77.879,20.255,36.647,20.977,26,77.72,42.0,1013.4,0,101.84,152,4.0266,1210
25,9094,2023-05-28 13:37,16,204.0,188.0,281.0,77.602,20.25,36.616,20.736,27,77.53999999999999,42.0,1013.2,0,101.84,131,1.3422,1210
26,9094,2023-05-28 13:38,16,205.0,187.0,281.0,77.48,20.11,36.671,20.699,28,77.72,42.0,1013.4,0,102.38,158,2.6844,1210
27,9094,2023-05-28 13:39,16,206.0,187.0,281.0,77.065,20.112,36.372,20.581,29,77.72,41.0,1013.2,0,102.38,134,2.237,1210
28,9094,2023-05-28 13:41,16,202.0,187.0,282.0,77.559,20.209,36.701,20.649,30,77.9,41.0,1013.2,0,101.84,81,2.4607,1210
29,9094,2023-05-28 13:42,16,204.0,185.0,282.0,77.876,20.191,36.768,20.917,31,78.08000000000001,41.0,1013.4,0,101.48,168,1.7896,1210
30,9094,2023-05-28 13:43,16,207.0,187.0,281.0,77.282,20.01,36.608,20.664,32,78.08000000000001,40.0,1013.4,0,101.12,110,2.237,1210
31,9094,2023-05-28 13:45,16,208.0,187.0,280.0,77.163,20.029,36.436,20.698,33,78.08000000000001,40.0,1013.4,0,101.12,156,2.237,1210
32,9094,2023-05-28 13:46,16,206.0,188.0,278.0,77.461,20.144,36.637,20.68,34,77.9,41.0,1013.5,0,101.12,147,2.6844,1210
33,9094,2023-05-28 13:47,16,,188.0,279.0,77.467,20.164,36.632,20.671,35,77.9,41.0,1013.4,0,100.22,92,2.237,1210
34,9094,2023-05-28 13:48,16,,190.0,279.0,77.491,20.148,36.768,20.575,36,77.9,41.0,1013.4,0,100.22,174,2.4607,1210
35,9094,2023-05-28 13:50,16,205.0,190.0,280.0,77.361,20.098,36.616,20.647,37,77.53999999999999,41.0,1013.4,0,99.68,145,2.4607,1210
36,9094,2023-05-28 13:51,16,206.0,189.0,280.0,77.483,20.139,36.694,20.65,38,77.53999999999999,41.0,1013.2,0,99.5,140,2.9081,1210
37,9094,2023-05-28 13:52,16,209.0,186.0,281.0,77.213,19.959,36.609,20.645,39,77.53999999999999,41.0,1013.4,0,98.24,67,1.3422,1210
38,9094,2023-05-28 13:54,16,207.0,190.0,281.0,77.237,20.014,36.58,20.643,40,77.53999999999999,41.0,1013.2,0,98.06,143,2.237,1210
39,9094,2023-05-28 13:55,16,206.0,186.0,282.0,78.328,20.091,37.45,20.787,41,77.53999999999999,41.0,1013.4,0,98.24,152,2.6844,1210
40,9094,2023-05-28 13:56,16,,186.0,282.0,77.801,20.132,36.958,20.711,42,77.53999999999999,42.0,1013.2,0,97.7,139,2.6844,1210
41,9094,2023-05-28 13:57,16,202.0,181.0,282.0,78.451,20.364,37.083,21.004,43,77.53999999999999,41.0,1013.2,0,97.7,109,2.6844,1210
42,9094,2023-05-28 13:59,16,,183.0,281.0,95.442,20.431,37.23,37.781,44,77.36,42.0,1013.4,0,97.34,155,2.4607,1210
43,9094,2023-05-28 14:00,16,204.0,189.0,280.0,79.563,23.019,36.229,20.315,45,77.36,42.0,1013.4,0,97.34,0,0.0,1210
44,9094,2023-05-28 14:02,16,208.0,192.0,280.0,75.773,19.996,35.718,20.059,46,77.0,43.0,1013.2,0,96.98,131,1.7896,1210
45,9094,2023-05-28 14:03,16,209.0,184.0,281.0,76.358,19.764,36.023,20.571,47,77.0,43.0,1013.4,0,96.8,70,1.7896,1210
46,9094,2023-05-28 14:04,16,202.0,190.0,281.0,76.971,20.258,36.215,20.498,48,77.18,42.0,1013.4,0,96.8,145,2.237,1210
47,9094,2023-05-28 14:05,16,207.0,189.0,282.0,76.283,19.849,36.039,20.395,49,77.0,42.0,1013.2,0,96.62,128,4.474,1210
48,9094,2023-05-28 14:07,16,206.0,192.0,283.0,75.956,19.73,35.934,20.292,50,77.0,43.0,1013.4,0,96.44,158,1.3422,1210
49,9094,2023-05-28 14:08,16,208.0,187.0,283.0,77.017,19.743,36.789,20.485,51,77.0,43.0,1013.2,0,96.26,130,2.4607,1210
50,9094,2023-05-28 14:09,16,175.0,169.0,273.0,83.243,20.416,40.527,22.3,52,77.0,43.0,1013.4,0,96.26,0,0.8948,1210
51,9094,2023-05-28 14:11,16,122.0,149.0,250.0,93.259,23.978,46.954,22.327,53,76.82,42.0,1013.2,0,95.36,172,2.6844,1210
52,9094,2023-05-28 14:12,16,137.0,143.0,237.0,95.725,24.155,48.21,23.36,54,76.64,42.0,1013.2,1,95.18,75,1.3422,1210
53,9094,2023-05-28 14:14,16,109.0,123.0,216.0,129.246,26.046,57.053,46.147,55,76.46000000000001,43.0,1013.2,1,94.46,0,1.7896,1210
54,9094,2023-05-28 14:16,16,133.0,132.0,245.0,103.008,28.371,48.266,26.371,56,76.28,44.0,1013.2,1,93.2,201,1.7896,1210
55,9094,2023-05-28 14:18,16,137.0,129.0,241.0,103.373,27.887,48.976,26.51,57,75.74000000000001,48.0,1013.2,1,91.04,276,1.1185,1210
56,9094,2023-05-28 14:19,16,138.0,134.0,235.0,103.473,27.016,48.235,28.222,58,75.2,49.0,1013.2,1,89.06,147,1.3422,1210
57,9094,2023-05-28 14:21,16,139.0,130.0,245.0,102.305,26.895,48.94,26.47,59,75.2,52.0,1013.2,1,86.18,127,1.3422,1210
58,9094,2023-05-28 14:23,16,138.0,130.0,239.0,102.852,27.831,48.554,26.467,60,75.02,51.0,1013.2,1,85.28,189,2.6844,1210
59,9094,2023-05-28 14:25,16,131.0,129.0,238.0,102.262,26.763,48.957,26.542,61,74.48,58.0,1013.2,1,84.56,154,2.9081,1210
60,9094,2023-05-28 14:26,16,133.0,129.0,246.0,101.144,26.479,48.276,26.389,62,74.30000000000001,58.0,1013.2,1,83.66,147,2.237,1210
61,9094,2023-05-28 14:28,16,140.0,133.0,249.0,100.396,26.59,47.692,26.114,63,73.94,62.0,1013.2,1,82.75999999999999,146,4.0266,1210
62,9094,2023-05-28 14:30,16,141.0,134.0,258.0,99.223,26.207,47.418,25.598,64,73.4,65.0,1013.2,1,81.86,146,3.8029,1210
63,9094,2023-05-28 14:31,16,,135.0,262.0,98.481,25.992,46.864,25.625,65,73.4,66.0,1013.2,1,80.96000000000001,141,3.5792,1210
64,9094,2023-05-28 14:33,16,149.0,138.0,269.0,95.05,25.127,45.723,24.2,66,73.58000000000001,66.0,1013.2,1,81.32,146,3.5792,1210
65,9094,2023-05-28 14:35,16,156.0,141.0,269.0,94.515,24.831,45.536,24.148,67,73.58000000000001,65.0,1013.2,1,81.32,152,3.8029,1210
66,9094,2023-05-28 14:36,16,152.0,141.0,263.0,93.903,24.763,45.594,23.546,68,73.58000000000001,65.0,1013.2,1,81.68,136,3.8029,1210
67,9094,2023-05-28 14:38,16,142.0,143.0,257.0,95.087,25.475,45.972,23.64,69,73.94,63.0,1013.2,0,82.03999999999999,138,4.474,1210
68,9094,2023-05-28 14:39,16,150.0,149.0,271.0,92.309,24.969,44.243,23.097,70,74.12,62.0,1013.2,0,82.58000000000001,151,3.5792,1210
69,9094,2023-05-28 14:41,16,156.0,157.0,274.0,90.198,24.104,43.646,22.448,71,74.30000000000001,62.0,1013.0,0,83.66,148,3.8029,1210
70,9094,2023-05-28 14:42,16,158.0,166.0,276.0,88.677,23.586,43.156,21.935,72,74.48,59.0,1013.0,0,84.2,137,4.474,1210
71,9094,2023-05-28 14:44,16,157.0,159.0,278.0,89.177,23.577,43.252,22.348,73,74.66,57.0,1013.0,0,85.28,139,2.9081,1210
72,9094,2023-05-28 14:45,16,153.0,165.0,277.0,87.848,23.443,42.475,21.93,74,74.84,57.0,1013.0,0,86.0,138,2.9081,1210
73,9094,2023-05-28 14:47,16,162.0,171.0,277.0,86.923,22.925,42.079,21.919,75,74.84,56.0,1013.0,0,86.53999999999999,146,3.3555,1210
74,9094,2023-05-28 14:48,16,168.0,170.0,278.0,86.435,22.557,41.756,22.122,76,75.02,57.0,1013.0,0,86.72,138,3.3555,1210
75,9094,2023-05-28 14:50,16,173.0,172.0,279.0,85.965,22.517,41.361,22.087,77,75.2,59.0,1012.9,0,87.25999999999999,144,2.9081,1210
76,9094,2023-05-28 14:51,16,165.0,169.0,277.0,86.939,22.719,41.606,22.614,78,75.02,58.0,1012.9,0,87.25999999999999,135,3.3555,1210
77,9149,2023-08-27 13:04,16,260.0,264.0,,118.969,62.095,30.229,26.645,2,63.5,67.0,1007.7,1,83.48,157,3.8029,1217
78,9149,2023-08-27 13:06,16,214.0,266.0,250.0,90.281,30.696,31.595,27.99,3,62.96,69.0,1007.9,1,81.14,158,2.6844,1217
79,9149,2023-08-27 13:08,16,276.0,266.0,,85.852,29.466,30.102,26.284,4,62.06,70.0,1007.7,1,79.16,187,2.9081,1217
80,9149,2023-08-27 13:09,16,282.0,265.0,276.0,84.975,29.027,29.768,26.18,5,61.52,68.0,1007.7,1,76.64,150,3.8029,1217
81,9149,2023-08-27 13:11,16,,259.0,262.0,85.657,28.737,30.222,26.698,6,61.16,69.0,1007.7,0,76.28,177,4.474,1217
82,9149,2023-08-27 13:12,16,284.0,266.0,258.0,84.818,28.481,30.169,26.168,7,61.34,68.0,1007.7,0,75.74000000000001,175,4.474,1217
83,9149,2023-08-27 13:13,16,283.0,264.0,266.0,85.064,28.484,30.491,26.089,8,61.52,70.0,1007.7,0,75.56,143,4.0266,1217
84,9149,2023-08-27 13:15,16,284.0,263.0,205.0,87.458,30.152,31.05,26.256,9,61.7,73.0,1007.5,0,75.38,169,3.8029,1217
85,9149,2023-08-27 13:16,16,283.0,264.0,259.0,86.256,28.906,31.319,26.031,10,61.7,71.0,1007.5,0,75.38,159,4.0266,1217
86,9149,2023-08-27 13:18,16,281.0,263.0,257.0,90.892,29.513,31.415,29.964,11,61.7,69.0,1007.5,0,75.56,155,4.9214,1217
87,9149,2023-08-27 13:19,16,286.0,267.0,,107.2,54.699,28.615,23.886,12,61.7,69.0,1007.5,0,75.56,148,5.5925,1217
88,9149,2023-08-27 13:21,16,287.0,267.0,291.0,78.149,26.872,27.826,23.451,13,61.7,66.0,1007.5,1,76.28,183,3.8029,1217
89,9149,2023-08-27 13:22,16,,268.0,301.0,77.837,26.627,27.586,23.624,14,61.7,66.0,1007.5,1,76.28,157,4.0266,1217
90,9149,2023-08-27 13:24,16,,268.0,299.0,77.621,26.667,27.597,23.357,15,61.88,66.0,1007.5,1,76.64,126,5.5925,1217
91,9149,2023-08-27 13:25,16,288.0,251.0,303.0,97.308,26.346,35.45,35.512,16,62.24,67.0,1007.5,1,77.9,139,5.3688,1217
92,9149,2023-08-27 13:27,16,251.0,178.0,200.0,113.845,39.328,37.079,37.438,17,62.42,67.0,1007.5,1,78.98,159,5.5925,1217
93,9149,2023-08-27 13:29,16,264.0,224.0,262.0,106.782,31.794,41.259,33.729,18,62.78,67.0,1007.7,0,80.42,162,4.9214,1217
94,9149,2023-08-27 13:30,16,235.0,220.0,191.0,123.019,44.244,48.027,30.748,19,62.78,65.0,1007.5,0,81.5,164,4.474,1217
95,9149,2023-08-27 13:32,16,248.0,211.0,268.0,114.136,35.596,46.5,32.04,20,62.78,65.0,1007.7,0,82.75999999999999,169,5.3688,1217
96,9149,2023-08-27 13:34,16,198.0,185.0,231.0,117.665,36.485,42.181,38.999,21,62.96,65.0,1007.7,0,84.2,162,5.5925,1217
97,9149,2023-08-27 13:36,16,289.0,269.0,261.0,79.372,27.819,27.857,23.696,22,63.31999999999999,64.0,1007.7,0,85.1,157,5.5925,1217
98,9149,2023-08-27 13:38,16,291.0,270.0,292.0,78.267,26.904,27.924,23.439,23,63.14,63.0,1007.7,1,85.46000000000001,158,6.4873,1217
99,9149,2023-08-27 13:39,16,,278.0,283.0,77.769,26.694,27.87,23.205,24,63.14,63.0,1007.7,0,85.46000000000001,179,7.1584,1217
100,9149,2023-08-27 13:40,16,,279.0,298.0,77.863,26.665,27.816,23.382,25,63.14,64.0,1007.7,0,85.46000000000001,154,7.1584,1217
101,9149,2023-08-27 13:41,16,281.0,278.0,304.0,79.046,27.662,28.065,23.319,26,63.14,64.0,1007.9,0,85.46000000000001,181,7.1584,1217
102,9149,2023-08-27 13:43,16,290.0,268.0,296.0,77.558,26.636,27.687,23.235,27,63.14,63.0,1007.5,0,84.56,138,6.711,1217
103,9149,2023-08-27 13:44,16,289.0,269.0,310.0,77.431,26.642,27.646,23.143,28,62.96,63.0,1007.7,0,83.30000000000001,163,6.0399,1217
104,9149,2023-08-27 13:45,16,288.0,269.0,302.0,77.418,26.647,27.708,23.063,29,62.78,62.0,1007.5,0,83.12,160,5.3688,1217
105,9149,2023-08-27 13:47,16,289.0,270.0,309.0,78.574,27.481,27.92,23.173,30,62.78,63.0,1007.7,0,81.32,158,5.5925,1217
106,9149,2023-08-27 13:48,16,290.0,268.0,301.0,77.561,26.591,27.902,23.068,31,62.6,63.0,1007.7,0,80.78,145,6.4873,1217
107,9149,2023-08-27 13:49,16,,268.0,303.0,77.432,26.583,27.853,22.996,32,62.6,64.0,1007.7,0,80.24000000000001,162,6.0399,1217
108,9149,2023-08-27 13:51,16,,269.0,301.0,77.277,26.486,27.704,23.087,33,62.24,65.0,1007.7,0,79.34,165,5.5925,1217
109,9149,2023-08-27 13:52,16,,267.0,303.0,77.662,26.78,27.824,23.058,34,62.24,65.0,1007.7,0,78.98,151,5.5925,1217
110,9149,2023-08-27 13:53,16,288.0,277.0,302.0,78.035,26.908,27.91,23.217,35,62.24,66.0,1007.7,0,78.62,166,8.276900000000001,1217
111,9149,2023-08-27 13:54,16,290.0,269.0,316.0,77.936,26.793,27.967,23.176,36,62.24,66.0,1007.7,0,78.08000000000001,159,5.5925,1217
112,9149,2023-08-27 13:56,16,289.0,267.0,302.0,77.454,26.582,27.753,23.119,37,62.42,66.0,1007.7,0,77.72,179,5.5925,1217
113,9149,2023-08-27 13:57,16,291.0,269.0,306.0,78.473,26.886,28.166,23.421,38,62.42,66.0,1007.7,0,77.53999999999999,179,6.711,1217
114,9149,2023-08-27 13:58,16,290.0,267.0,301.0,77.874,26.763,27.87,23.241,39,62.42,68.0,1007.9,0,77.36,157,6.0399,1217
115,9149,2023-08-27 14:00,16,289.0,269.0,305.0,78.096,26.459,27.833,23.804,40,62.42,68.0,1007.7,0,76.82,159,5.3688,1217
116,9149,2023-08-27 14:01,16,,278.0,310.0,83.662,26.905,28.271,28.486,41,62.42,68.0,1007.7,0,77.0,172,6.4873,1217
117,9181,2023-10-29 20:04,16,281.0,279.0,315.0,83.98,29.402,32.946,21.632,2,76.1,28.0,779.9,0,118.58,298,2.6844,1223
118,9181,2023-10-29 20:06,16,289.0,277.0,323.0,83.957,29.395,32.823,21.739,3,76.28,27.0,779.9,0,119.48,301,1.3422,1223
119,9181,2023-10-29 20:07,16,287.0,279.0,326.0,83.815,29.391,32.947,21.477,4,76.64,26.0,779.7,0,118.76,311,4.9214,1223
120,9181,2023-10-29 20:08,16,225.0,171.0,233.0,104.739,40.849,39.361,24.529,5,76.46000000000001,26.0,779.9,0,118.22,295,5.5925,1223
121,9181,2023-10-29 20:10,16,289.0,279.0,321.0,83.383,29.241,32.593,21.549,6,76.82,27.0,779.7,0,117.5,285,4.474,1223
122,9181,2023-10-29 20:12,16,286.0,278.0,325.0,83.489,29.165,32.653,21.671,7,77.0,27.0,779.7,0,116.6,290,5.3688,1223
123,9181,2023-10-29 20:13,16,285.0,278.0,327.0,83.324,29.053,32.736,21.535,8,77.18,27.0,779.7,0,116.6,281,2.6844,1223
124,9181,2023-10-29 20:14,16,,279.0,326.0,83.673,29.225,32.696,21.752,9,77.53999999999999,27.0,779.5,0,116.6,294,4.9214,1223
125,9181,2023-10-29 20:16,16,288.0,278.0,325.0,83.722,29.227,32.757,21.738,10,77.72,28.0,779.7,0,116.96,317,4.474,1223
126,9181,2023-10-29 20:17,16,289.0,277.0,326.0,83.868,29.19,32.838,21.84,11,77.72,28.0,779.5,0,116.96,143,4.474,1223
127,9181,2023-10-29 20:19,16,286.0,276.0,328.0,83.709,29.139,32.807,21.763,12,77.72,27.0,779.7,0,117.32,274,8.276900000000001,1223
128,9181,2023-10-29 20:20,16,291.0,278.0,326.0,84.09,29.309,32.937,21.844,13,77.72,25.0,779.7,0,117.32,12,3.8029,1223
129,9181,2023-10-29 20:21,16,288.0,278.0,,84.32,29.246,33.03,22.044,14,77.9,24.0,779.7,0,117.68,193,2.4607,1223
130,9181,2023-10-29 20:23,16,285.0,279.0,320.0,83.84,29.392,32.69,21.758,15,78.08000000000001,22.0,779.5,0,117.32,227,1.3422,1223
131,9181,2023-10-29 20:24,16,291.0,281.0,324.0,83.552,29.279,32.475,21.798,16,78.25999999999999,23.0,779.5,0,117.32,301,2.6844,1223
132,9181,2023-10-29 20:26,16,281.0,279.0,,83.649,29.356,32.467,21.826,17,78.25999999999999,22.0,779.5,0,117.5,190,2.6844,1223
133,9181,2023-10-29 20:27,16,285.0,279.0,,84.169,29.323,32.815,22.031,18,78.08000000000001,22.0,779.4,0,116.78,187,2.4607,1223
134,9181,2023-10-29 20:28,16,291.0,278.0,325.0,83.894,29.259,32.849,21.786,19,77.9,22.0,779.4,0,117.86,298,5.3688,1223
135,9181,2023-10-29 20:30,16,293.0,278.0,324.0,83.496,29.096,32.726,21.674,20,77.9,25.0,779.5,0,116.96,292,4.9214,1223
136,9181,2023-10-29 20:31,16,283.0,280.0,325.0,83.452,29.205,32.601,21.646,21,77.9,24.0,779.4,0,116.96,288,2.9081,1223
137,9181,2023-10-29 20:33,16,289.0,279.0,323.0,83.666,29.248,32.787,21.631,22,78.08000000000001,23.0,779.4,0,116.6,233,1.7896,1223
138,9181,2023-10-29 20:34,16,285.0,280.0,322.0,83.878,29.281,32.772,21.825,23,78.25999999999999,23.0,779.4,0,116.6,236,2.6844,1223
139,9181,2023-10-29 20:35,16,286.0,279.0,325.0,83.786,29.383,32.725,21.678,24,78.44,23.0,779.4,0,117.14,315,2.237,1223
140,9181,2023-10-29 20:37,16,293.0,279.0,323.0,83.941,29.227,32.864,21.85,25,78.44,22.0,779.4,0,117.68,292,2.6844,1223
141,9181,2023-10-29 20:38,16,277.0,278.0,322.0,83.709,29.228,32.779,21.702,26,78.44,22.0,779.2,0,117.32,306,4.9214,1223
142,9181,2023-10-29 20:40,16,269.0,280.0,323.0,84.264,29.41,33.055,21.799,27,78.44,22.0,779.2,0,116.24,263,2.6844,1223
143,9181,2023-10-29 20:41,16,278.0,281.0,318.0,83.69,29.305,32.759,21.626,28,78.44,22.0,779.2,0,115.88,0,1.7896,1223
144,9181,2023-10-29 20:42,16,275.0,281.0,323.0,83.86,29.3,32.784,21.776,29,78.25999999999999,22.0,779.2,0,115.7,345,0.0,1223
145,9181,2023-10-29 20:44,16,269.0,279.0,324.0,84.131,29.245,32.901,21.985,30,78.25999999999999,22.0,779.2,0,116.24,204,2.6844,1223
146,9181,2023-10-29 20:45,16,286.0,279.0,325.0,87.924,29.527,33.182,25.215,31,78.25999999999999,22.0,779.2,0,115.7,117,2.4607,1223
147,9181,2023-10-29 20:47,16,276.0,284.0,303.0,101.329,47.781,32.222,21.326,32,78.25999999999999,23.0,779.2,0,116.06,295,1.3422,1223
148,9181,2023-10-29 20:48,16,294.0,241.0,323.0,97.428,28.96,42.341,26.127,33,78.44,22.0,779.2,0,116.06,329,0.0,1223
149,9181,2023-10-29 20:50,16,131.0,103.0,125.0,158.321,49.812,66.528,41.981,34,78.62,21.0,779.0,0,116.24,291,3.5792,1223
150,9181,2023-10-29 20:53,16,231.0,255.0,271.0,1332.232,1239.802,35.989,56.441,35,78.62,22.0,779.2,0,116.06,167,2.4607,1223
151,9181,2023-10-29 21:15,16,282.0,281.0,317.0,158.356,104.117,32.794,21.445,36,78.80000000000001,21.0,778.9,0,113.0,299,4.474,1223
152,9181,2023-10-29 21:17,16,278.0,280.0,323.0,83.118,29.051,32.594,21.473,37,79.52,21.0,778.9,0,113.0,312,4.9214,1223
153,9181,2023-10-29 21:19,16,284.0,281.0,324.0,82.332,29.125,32.15,21.057,38,79.7,21.0,778.9,0,113.0,292,3.5792,1223
154,9181,2023-10-29 21:20,16,292.0,278.0,326.0,82.559,29.118,32.156,21.285,39,79.88,21.0,778.9,0,112.82,311,4.0266,1223
155,9181,2023-10-29 21:22,16,277.0,283.0,328.0,83.501,29.251,32.734,21.516,40,80.24000000000001,21.0,778.7,0,112.64,305,6.4873,1223
156,9181,2023-10-29 21:23,16,272.0,284.0,329.0,82.865,29.064,32.232,21.569,41,80.24000000000001,21.0,778.7,0,112.64,314,3.8029,1223
157,9181,2023-10-29 21:24,16,284.0,282.0,,82.844,28.955,32.33,21.559,42,80.24000000000001,20.0,778.7,0,112.64,301,4.9214,1223
158,9181,2023-10-29 21:26,16,281.0,281.0,,82.888,28.995,32.223,21.67,43,79.88,20.0,778.7,0,112.1,316,1.7896,1223
159,9181,2023-10-29 21:27,16,275.0,280.0,326.0,83.163,28.892,32.481,21.79,44,79.88,20.0,778.7,0,112.1,311,3.3555,1223
160,9181,2023-10-29 21:28,16,276.0,278.0,321.0,83.082,28.936,32.506,21.64,45,80.06,20.0,778.7,0,111.74,316,4.9214,1223
161,9181,2023-10-29 21:30,16,286.0,277.0,,83.073,29.027,32.458,21.588,46,79.7,20.0,778.7,0,111.38,302,1.7896,1223
162,9181,2023-10-29 21:31,16,278.0,280.0,323.0,83.101,29.038,32.445,21.618,47,79.88,20.0,778.7,0,111.2,295,2.237,1223
163,9181,2023-10-29 21:33,16,280.0,281.0,322.0,83.115,29.007,32.457,21.651,48,80.42,20.0,778.7,0,111.2,296,3.5792,1223
164,9181,2023-10-29 21:34,16,281.0,280.0,,83.003,29.086,32.326,21.591,49,80.42,20.0,778.7,0,110.48,291,3.3555,1223
165,9181,2023-10-29 21:35,16,283.0,280.0,323.0,83.167,29.025,32.555,21.587,50,80.42,20.0,778.7,0,110.48,307,3.8029,1223
166,9181,2023-10-29 21:37,16,284.0,280.0,,82.858,29.003,32.26,21.595,51,79.88,19.0,778.7,0,110.48,355,3.5792,1223
167,9181,2023-10-29 21:38,16,289.0,281.0,324.0,82.769,28.959,32.198,21.612,52,79.88,19.0,778.7,0,110.48,150,0.8948,1223
168,9181,2023-10-29 21:40,16,294.0,281.0,327.0,82.942,28.945,32.381,21.616,53,79.88,19.0,778.7,0,110.12,257,2.237,1223
169,9181,2023-10-29 21:41,16,283.0,282.0,326.0,82.844,28.926,32.239,21.679,54,79.7,19.0,778.7,0,109.76,0,0.0,1223
170,9181,2023-10-29 21:42,16,292.0,282.0,329.0,82.873,28.976,32.298,21.599,55,79.7,19.0,778.7,0,109.58,307,2.237,1223
171,9181,2023-10-29 21:44,16,289.0,283.0,,82.636,28.878,32.326,21.432,56,79.7,19.0,778.7,0,109.76,290,3.5792,1223
172,9181,2023-10-29 21:45,16,295.0,284.0,328.0,82.538,28.827,32.224,21.487,57,79.7,19.0,778.7,0,109.58,310,4.0266,1223
173,9181,2023-10-29 21:46,16,293.0,282.0,330.0,82.634,28.875,32.231,21.528,58,80.06,19.0,778.7,0,108.14,290,4.474,1223
174,9181,2023-10-29 21:48,16,294.0,283.0,,82.504,28.923,32.152,21.429,59,79.7,19.0,778.7,0,105.8,108,4.0266,1223
175,9181,2023-10-29 21:49,16,291.0,282.0,329.0,82.632,28.988,32.288,21.356,60,79.7,19.0,778.7,0,105.08,146,1.7896,1223
176,9181,2023-10-29 21:51,16,290.0,283.0,327.0,82.768,28.858,32.438,21.472,61,79.7,19.0,778.7,0,105.08,307,3.3555,1223
177,9181,2023-10-29 21:52,16,288.0,282.0,,82.783,28.878,32.4,21.505,62,80.06,18.0,778.7,0,105.08,319,4.9214,1223
178,9181,2023-10-29 21:53,16,286.0,283.0,329.0,82.805,29.024,32.213,21.568,63,80.06,18.0,778.7,0,104.9,292,3.3555,1223
179,9181,2023-10-29 21:55,16,293.0,282.0,,82.708,28.899,32.268,21.541,64,79.7,19.0,778.7,0,103.82,291,2.4607,1223
180,9181,2023-10-29 21:56,16,285.0,282.0,330.0,82.921,28.932,32.447,21.542,65,79.52,19.0,778.5,0,103.64,306,3.8029,1223
181,9181,2023-10-29 21:57,16,293.0,283.0,,82.619,28.863,32.208,21.548,66,79.52,19.0,778.5,0,102.56,305,4.0266,1223
182,9181,2023-10-29 21:59,16,287.0,283.0,328.0,82.796,28.829,32.268,21.699,67,79.52,19.0,778.5,0,101.84,305,4.474,1223
183,9181,2023-10-29 22:00,16,292.0,284.0,329.0,82.772,28.77,32.345,21.657,68,79.52,19.0,778.5,0,101.66,313,3.5792,1223
184,9181,2023-10-29 22:02,16,293.0,284.0,327.0,82.971,29.007,32.275,21.689,69,79.34,19.0,778.5,0,100.58,303,2.6844,1223
185,9181,2023-10-29 22:03,16,294.0,284.0,328.0,82.983,28.979,32.38,21.624,70,79.34,19.0,778.5,0,99.86,0,1.7896,1223
186,9181,2023-10-29 22:04,16,290.0,284.0,329.0,82.905,28.888,32.308,21.709,71,79.34,19.0,778.7,0,99.32,306,1.3422,1223
187,9558,2024-07-07 14:04,16,312.0,259.0,325.0,92.858,29.575,37.979,25.304,2,61.16,63.0,992.0,0,91.4,215,3.5792,1240
188,9558,2024-07-07 14:06,16,310.0,259.0,318.0,92.369,29.447,37.703,25.219,3,61.34,62.0,991.9,0,91.4,235,4.474,1240
189,9558,2024-07-07 14:07,16,307.0,259.0,320.0,92.705,29.583,37.67,25.452,4,61.34,61.0,992.0,0,75.74000000000001,237,4.2503,1240
190,9558,2024-07-07 14:09,16,308.0,260.0,321.0,92.697,29.536,37.776,25.385,5,61.16,60.0,992.0,0,75.2,243,4.9214,1240
191,9558,2024-07-07 14:11,16,,260.0,326.0,92.758,29.562,37.512,25.684,6,61.16,61.0,992.0,0,75.74000000000001,248,4.6977,1240
192,9558,2024-07-07 14:12,16,307.0,261.0,315.0,92.662,29.662,37.652,25.348,7,61.34,61.0,992.0,0,77.72,251,4.6977,1240
193,9558,2024-07-07 14:14,16,306.0,258.0,317.0,92.86,29.689,37.715,25.456,8,61.52,60.0,992.0,0,78.80000000000001,256,3.5792,1240
194,9558,2024-07-07 14:15,16,,260.0,316.0,92.326,29.579,37.457,25.29,9,61.7,61.0,992.0,0,78.98,320,4.474,1240
195,9558,2024-07-07 14:17,16,307.0,259.0,318.0,92.496,29.59,37.473,25.433,10,62.24,61.0,992.0,0,78.25999999999999,208,3.3555,1240
196,9558,2024-07-07 14:18,16,,260.0,318.0,92.348,29.594,37.375,25.379,11,62.24,62.0,991.9,0,78.08000000000001,231,3.8029,1240
197,9558,2024-07-07 14:20,16,304.0,260.0,316.0,92.236,29.622,37.261,25.353,12,62.06,59.0,991.9,0,77.53999999999999,234,4.6977,1240
198,9558,2024-07-07 14:21,16,,262.0,328.0,91.989,29.643,37.343,25.003,13,62.06,61.0,991.8,0,77.36,205,4.6977,1240
199,9558,2024-07-07 14:23,16,285.0,258.0,292.0,92.396,29.708,37.354,25.334,14,61.88,59.0,991.9,0,76.64,211,4.6977,1240
200,9558,2024-07-07 14:24,16,286.0,257.0,300.0,92.755,29.798,37.529,25.428,15,61.7,60.0,991.9,0,76.28,243,2.6844,1240
201,9558,2024-07-07 14:26,16,284.0,257.0,290.0,92.923,29.79,37.303,25.83,16,61.7,59.0,991.9,0,75.92,242,3.1318,1240
202,9558,2024-07-07 14:28,16,,252.0,293.0,95.28,29.679,37.906,27.695,17,61.52,62.0,992.1,0,75.74000000000001,242,3.5792,1240
203,9558,2024-07-07 14:29,16,283.0,252.0,295.0,95.951,30.445,38.347,27.159,18,61.7,61.0,992.1,0,75.74000000000001,276,3.3555,1240
204,9558,2024-07-07 14:31,16,279.0,208.0,290.0,105.868,34.904,43.084,27.88,19,61.52,63.0,992.0,1,73.75999999999999,103,3.3555,1240
205,9558,2024-07-07 14:32,16,284.0,246.0,289.0,120.269,51.724,40.76,27.785,20,61.16,64.0,992.1,1,73.22,335,3.3555,1240
206,9558,2024-07-07 14:34,16,289.0,230.0,296.0,102.846,32.126,42.102,28.618,21,60.620000000000005,67.0,992.1,1,72.14,299,3.5792,1240
207,9558,2024-07-07 14:36,16,282.0,240.0,290.0,104.352,33.006,42.617,28.729,22,59.72,68.0,992.2,1,71.78,210,2.0133,1240
208,9558,2024-07-07 14:38,16,284.0,237.0,295.0,106.593,33.765,43.351,29.477,23,59.36,69.0,992.2,1,71.6,222,2.6844,1240
209,9558,2024-07-07 14:40,16,283.0,173.0,290.0,111.732,34.243,47.11,30.379,24,59.18,68.0,992.2,1,71.6,251,1.7896,1240
210,9558,2024-07-07 14:42,16,290.0,240.0,299.0,109.301,35.278,45.054,28.969,25,59.18,67.0,992.3,1,71.6,225,2.237,1240
211,9558,2024-07-07 14:43,16,292.0,241.0,299.0,105.655,33.033,43.323,29.299,26,59.18,68.0,992.2,1,70.7,116,2.0133,1240
212,9558,2024-07-07 14:45,16,261.0,235.0,299.0,105.912,33.574,45.425,26.913,27,59.18,68.0,992.3,1,70.16,267,1.3422,1240
213,9558,2024-07-07 14:47,16,281.0,244.0,288.0,123.138,53.064,41.74,28.334,28,59.0,69.0,992.4,1,69.80000000000001,236,2.0133,1240
214,9558,2024-07-07 14:49,16,288.0,244.0,295.0,101.602,32.252,41.348,28.002,29,58.82,70.0,992.5,1,69.25999999999999,240,2.0133,1240
215,9558,2024-07-07 14:51,16,289.0,241.0,295.0,102.299,32.289,41.321,28.689,30,58.64,73.0,992.4,1,69.25999999999999,207,3.8029,1240
216,9558,2024-07-07 14:52,16,291.0,239.0,297.0,103.95,32.66,42.069,29.221,31,58.46,73.0,992.5,1,69.25999999999999,240,3.1318,1240
217,9558,2024-07-07 14:54,16,,239.0,296.0,103.795,32.75,42.098,28.947,32,58.1,73.0,992.5,1,69.25999999999999,235,3.5792,1240
218,9558,2024-07-07 14:56,16,290.0,240.0,293.0,103.217,32.727,41.794,28.696,33,58.28,75.0,992.6,1,69.80000000000001,247,1.1185,1240
219,9558,2024-07-07 14:58,16,292.0,243.0,297.0,103.604,32.822,42.268,28.514,34,58.28,76.0,992.5,1,70.34,218,3.3555,1240
220,9558,2024-07-07 14:59,16,293.0,244.0,297.0,102.415,32.363,42.147,27.905,35,58.1,75.0,992.6,1,70.16,253,3.1318,1240
221,9558,2024-07-07 15:01,16,290.0,245.0,297.0,100.091,31.807,41.036,27.248,36,58.1,76.0,992.5,1,70.52,232,2.6844,1240
222,9558,2024-07-07 15:03,16,289.0,246.0,295.0,98.357,31.693,40.64,26.024,37,58.28,77.0,992.5,1,74.84,242,4.0266,1240
223,9558,2024-07-07 15:04,16,288.0,257.0,296.0,117.811,53.271,38.515,26.025,38,58.28,76.0,992.6,1,75.56,237,4.2503,1240
224,9558,2024-07-07 15:06,16,291.0,259.0,295.0,91.481,29.086,37.097,25.298,39,58.64,75.0,992.4,0,76.28,265,2.6844,1240
225,9558,2024-07-07 15:08,16,288.0,256.0,293.0,90.878,29.065,36.635,25.178,40,59.36,73.0,992.5,0,75.56,260,4.9214,1240
226,9558,2024-07-07 15:09,16,287.0,261.0,293.0,90.035,29.019,36.276,24.74,41,59.540000000000006,76.0,992.5,0,75.56,216,2.4607,1240
227,9558,2024-07-07 15:11,16,293.0,261.0,299.0,89.832,28.93,36.325,24.577,42,59.36,75.0,992.5,0,77.0,289,3.1318,1240
228,9558,2024-07-07 15:12,16,290.0,262.0,296.0,89.748,28.997,36.106,24.645,43,59.540000000000006,75.0,992.5,0,76.82,240,3.5792,1240
229,9558,2024-07-07 15:14,16,286.0,262.0,294.0,89.933,29.086,36.174,24.673,44,59.72,73.0,992.5,1,76.1,241,4.474,1240
230,9558,2024-07-07 15:15,16,,260.0,294.0,89.911,29.015,36.21,24.686,45,59.900000000000006,73.0,992.5,0,77.0,243,4.474,1240
231,9558,2024-07-07 15:17,16,,262.0,294.0,90.051,29.135,36.266,24.65,46,60.08,69.0,992.5,0,76.82,103,2.0133,1240
232,9558,2024-07-07 15:18,16,291.0,260.0,298.0,90.289,29.193,36.412,24.684,47,60.08,71.0,992.5,0,76.82,238,2.4607,1240
233,9558,2024-07-07 15:20,16,294.0,261.0,299.0,90.204,29.05,36.463,24.691,48,60.26,72.0,992.6,0,77.36,225,3.3555,1240
234,9558,2024-07-07 15:21,16,292.0,261.0,301.0,90.929,29.311,36.65,24.968,49,60.44,69.0,992.4,0,77.36,222,4.0266,1240
235,9558,2024-07-07 15:23,16,308.0,265.0,325.0,90.488,29.114,36.846,24.528,50,60.620000000000005,69.0,992.5,0,77.9,230,3.1318,1240
236,9558,2024-07-07 15:24,16,284.0,260.0,292.0,91.674,29.653,36.704,25.317,51,60.620000000000005,68.0,992.4,0,77.53999999999999,258,2.6844,1240
237,9625,2024-10-27 20:05,16,200.0,229.0,169.0,138.252,61.38,46.583,30.289,2,67.82,50.0,785.5,0,98.6,325,2.0133,1248
238,9625,2024-10-27 20:07,16,176.0,229.0,127.0,134.94,55.586,48.232,31.122,3,68.0,50.0,785.4,0,97.88,318,6.4873,1248
239,9625,2024-10-27 20:09,16,217.0,224.0,165.0,130.481,54.138,43.982,32.361,4,68.0,50.0,785.5,0,96.98,291,6.0399,1248
240,9625,2024-10-27 20:12,16,213.0,214.0,162.0,130.248,52.176,47.109,30.963,5,68.0,52.0,785.3,0,96.98,301,1.3422,1248
241,9625,2024-10-27 20:14,16,251.0,156.0,247.0,119.324,37.88,44.003,37.441,6,68.0,50.0,785.3,0,96.26,293,2.9081,1248
242,9625,2024-10-27 20:16,16,290.0,283.0,324.0,82.154,28.82,32.362,20.972,7,68.18,51.0,785.3,0,97.16,315,4.474,1248
243,9625,2024-10-27 20:17,16,274.0,287.0,332.0,81.865,28.864,32.118,20.883,8,68.36,51.0,785.3,0,98.96,298,3.8029,1248
244,9625,2024-10-27 20:19,16,294.0,289.0,352.0,82.101,28.266,32.465,21.37,9,68.72,51.0,785.2,0,97.7,273,6.2636,1248
245,9625,2024-10-27 20:20,16,291.0,280.0,343.0,82.481,28.707,32.745,21.029,10,68.36,51.0,785.2,0,97.7,246,5.3688,1248
246,9625,2024-10-27 20:21,16,286.0,280.0,328.0,81.423,28.729,31.756,20.938,11,68.18,50.0,785.2,0,97.88,267,4.0266,1248
247,9625,2024-10-27 20:23,16,282.0,281.0,331.0,81.262,28.641,31.698,20.923,12,68.36,51.0,785.2,0,98.6,330,2.6844,1248
248,9625,2024-10-27 20:24,16,283.0,280.0,332.0,81.776,28.809,31.907,21.06,13,68.36,50.0,785.2,0,98.06,308,3.3555,1248
249,9625,2024-10-27 20:25,16,294.0,287.0,,81.31,28.658,31.629,21.023,14,68.18,50.0,785.3,0,97.7,321,8.0532,1248
250,9625,2024-10-27 20:27,16,283.0,281.0,345.0,82.212,28.416,32.552,21.244,15,68.18,50.0,785.1,0,94.64,299,5.1451,1248
251,9625,2024-10-27 20:28,16,291.0,282.0,333.0,81.621,28.621,31.837,21.163,16,68.18,51.0,785.2,0,94.64,321,3.1318,1248
252,9625,2024-10-27 20:29,16,296.0,281.0,332.0,81.86,28.671,31.866,21.323,17,68.0,51.0,785.1,0,94.64,307,4.2503,1248
253,9625,2024-10-27 20:31,16,,281.0,333.0,82.141,28.845,31.984,21.312,18,68.18,51.0,785.1,0,96.08,316,5.1451,1248
254,9625,2024-10-27 20:32,16,289.0,281.0,328.0,82.216,28.818,32.111,21.287,19,68.53999999999999,50.0,785.0,0,97.88,336,5.8162,1248
255,9625,2024-10-27 20:34,16,290.0,282.0,330.0,81.793,28.643,32.002,21.148,20,68.9,49.0,785.0,0,99.32,332,4.6977,1248
256,9625,2024-10-27 20:35,16,285.0,281.0,,81.954,28.704,32.089,21.161,21,68.9,49.0,785.0,0,100.04,345,5.3688,1248
257,9625,2024-10-27 20:36,16,282.0,278.0,327.0,82.249,28.687,32.297,21.265,22,68.72,49.0,785.0,0,100.04,314,4.6977,1248
258,9625,2024-10-27 20:38,16,295.0,281.0,331.0,81.938,28.668,32.054,21.216,23,69.08000000000001,49.0,785.0,0,100.4,308,4.9214,1248
259,9625,2024-10-27 20:39,16,288.0,282.0,,81.904,28.608,32.162,21.134,24,69.44,49.0,785.0,0,100.58,282,2.9081,1248
260,9625,2024-10-27 20:40,16,296.0,281.0,,82.076,28.855,31.95,21.271,25,69.62,48.0,784.9,0,101.48,278,6.0399,1248
261,9625,2024-10-27 20:42,16,294.0,280.0,330.0,82.359,28.85,32.135,21.374,26,69.80000000000001,48.0,785.1,0,101.12,296,5.8162,1248
262,9625,2024-10-27 20:43,16,287.0,281.0,,82.743,28.995,32.257,21.491,27,69.80000000000001,48.0,784.9,0,101.66,280,5.3688,1248
263,9625,2024-10-27 20:45,16,285.0,282.0,,82.589,28.85,32.202,21.537,28,69.98,49.0,784.9,0,102.74,259,2.6844,1248
264,9625,2024-10-27 20:46,16,293.0,282.0,328.0,82.33,28.883,32.058,21.389,29,69.80000000000001,49.0,784.9,0,102.74,269,3.3555,1248
265,9625,2024-10-27 20:47,16,292.0,282.0,329.0,82.322,28.733,32.3,21.289,30,69.80000000000001,49.0,784.8,0,103.1,304,2.0133,1248
266,9625,2024-10-27 20:49,16,286.0,282.0,,85.993,28.865,32.46,24.668,31,69.98,48.0,784.8,0,103.46,281,1.7896,1248
267,9625,2024-10-27 20:50,16,273.0,283.0,310.0,100.618,47.972,31.816,20.83,32,69.80000000000001,48.0,784.8,0,103.46,0,2.4607,1248
268,9625,2024-10-27 20:52,16,289.0,283.0,327.0,80.975,28.547,31.547,20.881,33,69.98,47.0,784.7,0,104.36,274,4.474,1248
269,9625,2024-10-27 20:53,16,280.0,281.0,329.0,80.847,28.527,31.459,20.861,34,70.16,47.0,784.7,0,104.36,274,4.474,1248
270,9625,2024-10-27 20:54,16,293.0,282.0,,80.675,28.498,31.474,20.703,35,69.98,47.0,784.7,0,104.36,274,4.474,1248
271,9625,2024-10-27 20:56,16,285.0,283.0,331.0,80.849,28.515,31.553,20.781,36,69.98,47.0,784.8,0,103.46,280,4.2503,1248
272,9625,2024-10-27 20:57,16,,283.0,,80.831,28.574,31.407,20.85,37,70.16,47.0,784.9,0,103.28,334,3.8029,1248
273,9625,2024-10-27 20:58,16,292.0,282.0,332.0,80.577,28.469,31.426,20.682,38,70.16,47.0,784.9,0,103.1,280,5.3688,1248
274,9625,2024-10-27 21:00,16,286.0,283.0,331.0,80.843,28.607,31.312,20.924,39,69.80000000000001,48.0,784.8,0,100.04,295,3.5792,1248
275,9625,2024-10-27 21:01,16,289.0,285.0,329.0,80.722,28.534,31.375,20.813,40,69.62,48.0,784.7,0,100.76,281,5.5925,1248
276,9625,2024-10-27 21:03,16,293.0,285.0,330.0,80.755,28.556,31.359,20.84,41,69.44,48.0,784.7,0,101.3,316,3.3555,1248
277,9625,2024-10-27 21:04,16,292.0,283.0,332.0,80.58,28.408,31.39,20.782,42,69.25999999999999,48.0,784.7,0,100.58,296,4.6977,1248
278,9625,2024-10-27 21:05,16,294.0,283.0,331.0,80.577,28.389,31.399,20.789,43,68.9,49.0,784.7,0,99.5,305,5.1451,1248
279,9625,2024-10-27 21:07,16,296.0,283.0,332.0,80.623,28.448,31.379,20.796,44,68.72,49.0,784.7,0,96.44,336,6.2636,1248
280,9625,2024-10-27 21:08,16,289.0,284.0,326.0,80.581,28.432,31.39,20.759,45,68.72,49.0,784.7,0,96.08,280,4.9214,1248
281,9625,2024-10-27 21:09,16,295.0,284.0,325.0,80.542,28.39,31.322,20.83,46,68.72,48.0,784.6,0,95.54,293,3.8029,1248
282,9625,2024-10-27 21:11,16,290.0,283.0,329.0,80.569,28.38,31.461,20.728,47,68.53999999999999,48.0,784.7,0,94.1,318,8.5006,1248
283,9625,2024-10-27 21:12,16,294.0,284.0,,80.681,28.394,31.515,20.772,48,68.53999999999999,49.0,784.6,0,93.2,286,6.0399,1248
284,9625,2024-10-27 21:13,16,298.0,286.0,,80.847,28.324,31.544,20.979,49,68.36,49.0,784.7,0,92.84,287,6.4873,1248
285,9625,2024-10-27 21:15,16,296.0,284.0,330.0,80.627,28.29,31.419,20.918,50,68.36,50.0,784.7,0,91.58,294,3.5792,1248
286,9625,2024-10-27 21:16,16,299.0,283.0,333.0,80.321,28.211,31.353,20.757,51,68.36,50.0,784.7,0,91.58,286,3.5792,1248
287,9625,2024-10-27 21:17,16,297.0,284.0,332.0,80.369,28.273,31.182,20.914,52,68.18,51.0,784.6,0,91.58,284,6.2636,1248
288,9625,2024-10-27 21:19,16,296.0,285.0,330.0,80.682,28.391,31.348,20.943,53,68.0,51.0,784.7,0,90.68,266,6.9347,1248
289,9625,2024-10-27 21:20,16,299.0,286.0,331.0,80.727,28.444,31.366,20.917,54,68.0,52.0,784.7,0,90.32,221,4.9214,1248
290,9625,2024-10-27 21:21,16,296.0,286.0,334.0,80.86,28.452,31.49,20.918,55,68.0,52.0,784.7,0,90.14,289,2.9081,1248
291,9625,2024-10-27 21:23,16,297.0,291.0,335.0,81.06,28.338,31.698,21.024,56,68.0,51.0,784.7,0,89.96000000000001,305,6.4873,1248
292,9625,2024-10-27 21:24,16,300.0,286.0,,80.524,28.321,31.362,20.841,57,68.0,51.0,784.7,0,89.78,291,6.0399,1248
293,9625,2024-10-27 21:25,16,303.0,292.0,336.0,81.297,28.362,31.609,21.326,58,68.0,51.0,784.7,0,89.78,284,5.3688,1248
294,9625,2024-10-27 21:27,16,300.0,285.0,332.0,80.422,28.383,31.334,20.705,59,68.0,52.0,784.7,0,88.88,294,5.5925,1248
295,9625,2024-10-27 21:28,16,299.0,284.0,333.0,80.46,28.295,31.338,20.827,60,68.0,52.0,784.6,0,88.52,274,6.4873,1248
296,9625,2024-10-27 21:29,16,302.0,285.0,,80.156,28.197,31.22,20.739,61,68.0,52.0,784.6,0,88.34,351,5.1451,1248
297,9625,2024-10-27 21:31,16,301.0,285.0,,80.966,28.271,31.351,21.344,62,67.82,52.0,784.5,0,87.98,295,6.2636,1248
298,9625,2024-10-27 21:32,16,303.0,284.0,342.0,82.888,29.782,31.945,21.161,63,67.82,53.0,784.6,0,87.98,320,8.7243,1248
299,9625,2024-10-27 21:33,16,301.0,285.0,334.0,80.969,28.599,31.474,20.896,64,67.64,53.0,784.5,0,87.98,314,7.8295,1248
300,9625,2024-10-27 21:35,16,303.0,286.0,,80.815,28.299,31.569,20.947,65,67.64,53.0,784.6,0,87.80000000000001,289,8.7243,1248
301,9625,2024-10-27 21:36,16,,285.0,335.0,81.15,28.402,31.757,20.991,66,67.64,53.0,784.5,0,87.80000000000001,321,6.2636,1248
302,9625,2024-10-27 21:38,16,,285.0,,81.173,28.422,31.717,21.034,67,67.82,53.0,784.4,0,88.16,83,4.6977,1248
303,9625,2024-10-27 21:39,16,301.0,286.0,333.0,81.009,28.326,31.722,20.961,68,67.82,53.0,784.5,0,87.62,317,3.3555,1248
304,9625,2024-10-27 21:40,16,,285.0,332.0,84.799,28.644,31.544,24.611,69,67.82,52.0,784.4,0,87.62,288,8.276900000000001,1248
305,9625,2024-10-27 21:42,16,299.0,286.0,313.0,99.142,47.397,30.882,20.863,70,67.46000000000001,53.0,784.4,0,87.62,298,6.2636,1248
306,9625,2024-10-27 21:43,16,304.0,288.0,332.0,78.336,27.884,30.313,20.139,71,67.46000000000001,53.0,784.5,0,87.25999999999999,274,6.0399,1248
0,9094,2023-05-28 13:04,23,172.0,178.0,277.0,80.977,21.337,37.926,21.714,2,77.36,44.0,1013.4,0,109.58,48,2.237,1210
1,9094,2023-05-28 13:05,23,168.0,181.0,284.0,80.703,21.613,37.666,21.424,3,77.36,45.0,1013.5,0,109.04,66,1.7896,1210
2,9094,2023-05-28 13:07,23,175.0,181.0,284.0,80.276,21.365,37.635,21.276,4,77.72,45.0,1013.5,0,109.04,115,2.237,1210
3,9094,2023-05-28 13:08,23,,184.0,285.0,79.967,21.211,37.654,21.102,5,77.9,44.0,1013.5,0,108.32,161,2.9081,1210
4,9094,2023-05-28 13:10,23,187.0,184.0,284.0,79.165,20.985,37.175,21.005,6,77.72,44.0,1013.5,0,106.88,76,1.7896,1210
5,9094,2023-05-28 13:11,23,186.0,184.0,283.0,79.055,20.964,37.216,20.875,7,77.72,44.0,1013.5,0,106.52,50,1.3422,1210
6,9094,2023-05-28 13:12,23,,185.0,283.0,78.796,20.842,37.104,20.85,8,77.72,44.0,1013.5,0,105.62,359,1.7896,1210
7,9094,2023-05-28 13:13,23,190.0,184.0,284.0,79.293,20.98,37.238,21.075,9,77.72,44.0,1013.5,0,105.8,147,2.6844,1210
8,9094,2023-05-28 13:15,23,189.0,182.0,283.0,79.338,21.079,37.236,21.023,10,77.9,42.0,1013.5,0,105.62,137,4.9214,1210
9,9094,2023-05-28 13:16,23,192.0,186.0,282.0,79.278,21.107,37.19,20.981,11,77.72,43.0,1013.5,0,104.36,142,2.6844,1210
10,9094,2023-05-28 13:17,23,186.0,183.0,282.0,80.31,21.359,37.71,21.241,12,77.53999999999999,44.0,1013.5,0,104.0,1,1.3422,1210
11,9094,2023-05-28 13:19,23,187.0,184.0,281.0,79.885,21.015,37.578,21.292,13,77.72,43.0,1013.5,0,104.18,136,1.3422,1210
12,9094,2023-05-28 13:20,23,194.0,183.0,280.0,80.259,21.1,37.723,21.436,14,77.72,43.0,1013.5,0,104.18,146,2.6844,1210
13,9094,2023-05-28 13:21,23,190.0,176.0,279.0,80.892,21.091,38.177,21.624,15,77.53999999999999,43.0,1013.5,0,103.82,148,1.7896,1210
14,9094,2023-05-28 13:23,23,187.0,185.0,278.0,80.443,21.138,37.761,21.544,16,77.53999999999999,44.0,1013.5,0,103.1,129,1.7896,1210
15,9094,2023-05-28 13:24,23,185.0,182.0,279.0,80.624,21.111,37.878,21.635,17,77.53999999999999,44.0,1013.5,0,103.1,168,1.7896,1210
16,9094,2023-05-28 13:25,23,191.0,181.0,280.0,98.414,21.136,38.899,38.379,18,77.36,44.0,1013.5,0,103.64,145,1.7896,1210
17,9094,2023-05-28 13:27,23,174.0,182.0,279.0,83.193,24.061,37.316,21.816,19,77.53999999999999,42.0,1013.5,0,103.82,132,1.3422,1210
18,9094,2023-05-28 13:28,23,191.0,184.0,282.0,78.47,21.216,36.78,20.474,20,77.53999999999999,42.0,1013.5,0,103.82,142,2.6844,1210
19,9094,2023-05-28 13:30,23,192.0,189.0,281.0,77.131,20.333,36.329,20.469,21,77.72,43.0,1013.5,0,102.56,154,2.9081,1210
20,9094,2023-05-28 13:31,23,189.0,188.0,282.0,77.105,20.244,36.232,20.629,22,77.72,43.0,1013.5,0,102.38,125,3.5792,1210
21,9094,2023-05-28 13:32,23,196.0,186.0,282.0,77.064,20.311,36.259,20.494,23,77.53999999999999,43.0,1013.4,0,102.38,151,2.6844,1210
22,9094,2023-05-28 13:34,23,201.0,189.0,282.0,76.672,20.231,36.015,20.426,24,77.72,42.0,1013.2,0,102.2,140,3.3555,1210
23,9094,2023-05-28 13:35,23,196.0,190.0,283.0,76.793,20.194,36.215,20.384,25,77.72,42.0,1013.4,0,101.84,152,4.0266,1210
24,9094,2023-05-28 13:36,23,194.0,188.0,284.0,76.962,20.219,36.265,20.478,26,77.53999999999999,42.0,1013.2,0,101.48,132,2.6844,1210
25,9094,2023-05-28 13:37,23,,186.0,284.0,77.36,20.411,36.395,20.554,27,77.53999999999999,42.0,1013.2,0,101.84,131,1.3422,1210
26,9094,2023-05-28 13:39,23,191.0,183.0,285.0,78.528,20.492,36.88,21.156,28,77.72,41.0,1013.2,0,102.38,134,2.237,1210
27,9094,2023-05-28 13:40,23,188.0,181.0,286.0,78.952,20.784,37.127,21.041,29,77.72,41.0,1013.2,0,102.02,166,1.7896,1210
28,9094,2023-05-28 13:41,23,187.0,180.0,287.0,79.457,20.803,37.528,21.126,30,77.9,41.0,1013.2,0,101.84,81,2.4607,1210
29,9094,2023-05-28 13:43,23,,184.0,285.0,79.152,20.811,37.328,21.013,31,78.08000000000001,40.0,1013.4,0,101.12,110,2.237,1210
30,9094,2023-05-28 13:44,23,185.0,182.0,285.0,79.589,20.863,37.552,21.174,32,78.08000000000001,40.0,1013.5,0,101.12,137,2.237,1210
31,9094,2023-05-28 13:45,23,187.0,184.0,285.0,81.559,22.683,36.812,22.064,33,78.08000000000001,40.0,1013.4,0,101.12,156,2.237,1210
32,9094,2023-05-28 13:47,23,179.0,187.0,285.0,80.731,21.48,37.806,21.445,34,77.9,41.0,1013.4,0,100.22,92,2.237,1210
33,9094,2023-05-28 13:48,23,192.0,188.0,284.0,78.619,20.716,37.07,20.833,35,77.9,41.0,1013.4,0,100.22,174,2.4607,1210
34,9094,2023-05-28 13:49,23,195.0,187.0,285.0,78.804,20.689,36.943,21.172,36,77.72,41.0,1013.4,0,100.22,154,3.5792,1210
35,9094,2023-05-28 13:51,23,185.0,187.0,285.0,79.143,20.877,37.322,20.944,37,77.53999999999999,41.0,1013.2,0,99.5,140,2.9081,1210
36,9094,2023-05-28 13:52,23,187.0,187.0,285.0,78.633,20.652,37.17,20.811,38,77.53999999999999,41.0,1013.4,0,98.24,67,1.3422,1210
37,9094,2023-05-28 13:53,23,189.0,187.0,278.0,78.774,20.669,37.118,20.987,39,77.53999999999999,41.0,1013.4,0,98.24,158,2.6844,1210
38,9094,2023-05-28 13:55,23,191.0,188.0,285.0,78.476,20.563,37.003,20.91,40,77.53999999999999,41.0,1013.4,0,98.24,152,2.6844,1210
39,9094,2023-05-28 13:56,23,188.0,183.0,285.0,78.825,20.726,37.279,20.82,41,77.53999999999999,42.0,1013.2,0,97.7,139,2.6844,1210
40,9094,2023-05-28 13:57,23,191.0,185.0,284.0,78.93,20.754,36.986,21.19,42,77.53999999999999,41.0,1013.2,0,97.7,109,2.6844,1210
41,9094,2023-05-28 13:59,23,190.0,185.0,284.0,78.486,20.719,36.907,20.86,43,77.36,42.0,1013.4,0,97.34,155,2.4607,1210
42,9094,2023-05-28 14:00,23,193.0,186.0,285.0,78.767,20.67,37.212,20.885,44,77.36,42.0,1013.4,0,97.34,0,0.0,1210
43,9094,2023-05-28 14:01,23,194.0,188.0,285.0,78.829,20.629,37.174,21.026,45,77.18,43.0,1013.4,0,96.98,153,1.7896,1210
44,9094,2023-05-28 14:03,23,193.0,185.0,284.0,78.9,20.758,37.035,21.107,46,77.0,43.0,1013.4,0,96.8,70,1.7896,1210
45,9094,2023-05-28 14:04,23,189.0,185.0,284.0,78.528,20.492,37.095,20.941,47,77.18,42.0,1013.4,0,96.8,145,2.237,1210
46,9094,2023-05-28 14:05,23,196.0,184.0,285.0,78.882,20.561,37.374,20.947,48,77.0,42.0,1013.2,0,96.62,128,4.474,1210
47,9094,2023-05-28 14:06,23,195.0,183.0,284.0,80.597,20.61,38.987,21.0,49,77.0,42.0,1013.2,0,96.44,163,2.237,1210
48,9094,2023-05-28 14:08,23,184.0,179.0,283.0,80.166,20.49,38.081,21.595,50,77.0,43.0,1013.2,0,96.26,130,2.4607,1210
49,9094,2023-05-28 14:09,23,173.0,141.0,280.0,89.941,21.073,45.508,23.36,51,77.0,43.0,1013.4,0,96.26,0,0.8948,1210
50,9094,2023-05-28 14:11,23,112.0,147.0,268.0,115.852,25.159,48.205,42.488,52,76.82,42.0,1013.2,0,95.36,172,2.6844,1210
51,9094,2023-05-28 14:13,23,133.0,150.0,250.0,96.281,26.715,46.265,23.301,53,76.46000000000001,42.0,1013.2,1,94.82,133,1.7896,1210
52,9094,2023-05-28 14:14,23,112.0,154.0,253.0,98.297,25.792,47.123,25.382,54,76.46000000000001,43.0,1013.2,1,94.46,0,1.7896,1210
53,9094,2023-05-28 14:16,23,122.0,140.0,235.0,105.721,27.162,48.47,30.089,55,76.28,44.0,1013.2,1,93.2,201,1.7896,1210
54,9094,2023-05-28 14:18,23,129.0,130.0,245.0,104.909,27.607,50.357,26.945,56,75.74000000000001,48.0,1013.2,1,91.04,276,1.1185,1210
55,9094,2023-05-28 14:19,23,124.0,135.0,246.0,102.2,27.42,48.044,26.736,57,75.2,49.0,1013.2,1,89.06,147,1.3422,1210
56,9094,2023-05-28 14:21,23,120.0,130.0,249.0,106.101,28.29,50.797,27.014,58,75.2,52.0,1013.2,1,86.18,127,1.3422,1210
57,9094,2023-05-28 14:23,23,129.0,136.0,220.0,103.133,27.907,48.838,26.388,59,75.02,51.0,1013.2,1,85.28,189,2.6844,1210
58,9094,2023-05-28 14:25,23,142.0,135.0,241.0,115.401,27.057,62.03,26.314,60,74.48,58.0,1013.2,1,84.56,154,2.9081,1210
59,9094,2023-05-28 14:26,23,127.0,133.0,236.0,101.209,27.146,48.072,25.991,61,74.30000000000001,58.0,1013.2,1,83.66,147,2.237,1210
60,9094,2023-05-28 14:28,23,126.0,137.0,258.0,99.897,26.443,47.241,26.213,62,73.94,62.0,1013.2,1,82.75999999999999,146,4.0266,1210
61,9094,2023-05-28 14:30,23,138.0,139.0,262.0,98.649,26.044,47.214,25.391,63,73.4,65.0,1013.2,1,81.86,146,3.8029,1210
62,9094,2023-05-28 14:31,23,130.0,140.0,251.0,97.428,26.313,46.601,24.514,64,73.4,66.0,1013.2,1,80.96000000000001,141,3.5792,1210
63,9094,2023-05-28 14:33,23,133.0,142.0,272.0,95.42,25.308,46.549,23.563,65,73.58000000000001,66.0,1013.2,1,81.32,146,3.5792,1210
64,9094,2023-05-28 14:35,23,144.0,144.0,276.0,94.016,24.897,45.799,23.32,66,73.58000000000001,65.0,1013.2,1,81.32,152,3.8029,1210
65,9094,2023-05-28 14:36,23,135.0,143.0,277.0,93.223,24.721,45.247,23.255,67,73.58000000000001,65.0,1013.2,1,81.68,136,3.8029,1210
66,9094,2023-05-28 14:38,23,140.0,147.0,277.0,93.322,24.928,45.008,23.386,68,73.94,63.0,1013.2,0,82.03999999999999,138,4.474,1210
67,9094,2023-05-28 14:39,23,139.0,156.0,277.0,94.087,26.707,44.975,22.405,69,74.12,62.0,1013.2,0,82.58000000000001,151,3.5792,1210
68,9094,2023-05-28 14:41,23,138.0,157.0,256.0,90.63,24.243,44.189,22.198,70,74.30000000000001,62.0,1013.0,0,83.66,148,3.8029,1210
69,9094,2023-05-28 14:42,23,142.0,169.0,279.0,89.729,23.878,43.609,22.242,71,74.48,59.0,1013.0,0,84.2,137,4.474,1210
70,9094,2023-05-28 14:44,23,151.0,167.0,277.0,89.217,23.691,43.198,22.328,72,74.66,57.0,1013.0,0,85.28,139,2.9081,1210
71,9094,2023-05-28 14:45,23,152.0,161.0,280.0,92.141,23.412,45.44,23.289,73,74.84,57.0,1013.0,0,86.0,138,2.9081,1210
72,9094,2023-05-28 14:47,23,145.0,160.0,276.0,88.241,23.169,42.779,22.293,74,74.84,56.0,1013.0,0,86.53999999999999,146,3.3555,1210
73,9094,2023-05-28 14:48,23,156.0,171.0,278.0,87.197,22.695,42.068,22.434,75,75.02,57.0,1013.0,0,86.72,138,3.3555,1210
74,9094,2023-05-28 14:50,23,158.0,172.0,278.0,86.764,22.76,41.567,22.437,76,75.2,59.0,1012.9,0,87.25999999999999,144,2.9081,1210
75,9094,2023-05-28 14:51,23,164.0,170.0,279.0,87.816,23.207,41.296,23.313,77,75.02,58.0,1012.9,0,87.25999999999999,135,3.3555,1210
76,9149,2023-08-27 13:04,23,218.0,210.0,204.0,108.18,36.857,36.643,34.68,2,63.5,67.0,1007.7,1,83.48,157,3.8029,1217
77,9149,2023-08-27 13:06,23,201.0,204.0,186.0,110.236,37.411,38.924,33.901,3,62.96,69.0,1007.9,1,81.14,158,2.6844,1217
78,9149,2023-08-27 13:08,23,,215.0,202.0,108.341,36.804,37.863,33.674,4,62.06,70.0,1007.7,1,79.16,187,2.9081,1217
79,9149,2023-08-27 13:10,23,230.0,212.0,221.0,101.277,32.428,36.227,32.622,5,61.16,67.0,1007.7,1,76.28,152,4.0266,1217
80,9149,2023-08-27 13:11,23,277.0,243.0,236.0,94.451,29.209,34.356,30.886,6,61.16,69.0,1007.7,0,76.28,177,4.474,1217
81,9149,2023-08-27 13:13,23,279.0,256.0,254.0,86.74,27.453,30.885,28.402,7,61.52,70.0,1007.7,0,75.56,143,4.0266,1217
82,9149,2023-08-27 13:14,23,,259.0,276.0,82.359,26.743,28.972,26.644,8,61.7,71.0,1007.7,0,75.38,130,4.0266,1217
83,9149,2023-08-27 13:16,23,280.0,258.0,292.0,79.783,26.299,28.737,24.747,9,61.7,71.0,1007.5,0,75.38,159,4.0266,1217
84,9149,2023-08-27 13:17,23,260.0,262.0,295.0,80.383,26.473,29.828,24.082,10,61.7,70.0,1007.5,0,75.38,186,4.474,1217
85,9149,2023-08-27 13:18,23,279.0,265.0,306.0,77.859,26.24,27.964,23.655,11,61.7,69.0,1007.5,0,75.56,155,4.9214,1217
86,9149,2023-08-27 13:20,23,285.0,278.0,,77.102,26.324,27.564,23.214,12,61.7,67.0,1007.5,0,75.74000000000001,149,3.8029,1217
87,9149,2023-08-27 13:21,23,288.0,276.0,318.0,77.082,26.23,27.649,23.203,13,61.7,66.0,1007.5,1,76.28,183,3.8029,1217
88,9149,2023-08-27 13:22,23,290.0,277.0,310.0,77.315,26.716,27.597,23.002,14,61.7,66.0,1007.5,1,76.28,157,4.0266,1217
89,9149,2023-08-27 13:24,23,283.0,276.0,295.0,77.544,27.084,27.513,22.947,15,61.88,66.0,1007.5,1,76.64,126,5.5925,1217
90,9149,2023-08-27 13:25,23,,184.0,323.0,94.524,25.901,36.226,32.397,16,62.24,67.0,1007.5,1,77.9,139,5.3688,1217
91,9149,2023-08-27 13:26,23,206.0,126.0,143.0,112.736,40.437,38.452,33.847,17,62.24,68.0,1007.5,1,78.62,172,5.5925,1217
92,9149,2023-08-27 13:28,23,143.0,229.0,279.0,117.209,32.458,48.799,35.952,18,62.6,68.0,1007.5,1,79.34,166,5.5925,1217
93,9149,2023-08-27 13:30,23,118.0,232.0,170.0,120.042,42.2,46.551,31.291,19,62.78,65.0,1007.5,0,81.5,164,4.474,1217
94,9149,2023-08-27 13:32,23,123.0,227.0,238.0,116.634,37.581,46.199,32.854,20,62.78,65.0,1007.7,0,82.75999999999999,169,5.3688,1217
95,9149,2023-08-27 13:34,23,167.0,202.0,263.0,121.176,36.992,40.542,43.642,21,62.96,65.0,1007.7,0,84.2,162,5.5925,1217
96,9149,2023-08-27 13:36,23,290.0,266.0,284.0,78.652,27.467,27.652,23.533,22,63.31999999999999,64.0,1007.7,0,85.1,157,5.5925,1217
97,9149,2023-08-27 13:37,23,288.0,265.0,300.0,77.043,26.469,27.389,23.185,23,63.31999999999999,64.0,1007.7,0,85.1,190,6.0399,1217
98,9149,2023-08-27 13:39,23,286.0,274.0,297.0,77.04,26.632,27.466,22.942,24,63.14,63.0,1007.7,0,85.46000000000001,179,7.1584,1217
99,9149,2023-08-27 13:40,23,284.0,262.0,322.0,76.228,25.919,27.16,23.149,25,63.14,64.0,1007.7,0,85.46000000000001,154,7.1584,1217
100,9149,2023-08-27 13:41,23,,262.0,301.0,76.391,26.139,27.095,23.157,26,63.14,64.0,1007.9,0,85.46000000000001,181,7.1584,1217
101,9149,2023-08-27 13:43,23,,264.0,289.0,76.754,26.374,27.273,23.107,27,63.14,63.0,1007.5,0,84.56,138,6.711,1217
102,9149,2023-08-27 13:44,23,,263.0,293.0,76.452,26.146,27.304,23.002,28,62.96,63.0,1007.7,0,83.30000000000001,163,6.0399,1217
103,9149,2023-08-27 13:45,23,,264.0,295.0,76.3,26.154,27.207,22.939,29,62.78,62.0,1007.5,0,83.12,160,5.3688,1217
104,9149,2023-08-27 13:46,23,,262.0,297.0,76.402,26.126,27.319,22.957,30,62.78,64.0,1007.7,0,81.86,166,6.0399,1217
105,9149,2023-08-27 13:48,23,283.0,263.0,298.0,76.175,26.038,27.267,22.87,31,62.6,63.0,1007.7,0,80.78,145,6.4873,1217
106,9149,2023-08-27 13:49,23,285.0,263.0,299.0,76.148,26.038,27.255,22.855,32,62.6,64.0,1007.7,0,80.24000000000001,162,6.0399,1217
107,9149,2023-08-27 13:50,23,,263.0,,76.336,26.042,27.284,23.01,33,62.42,65.0,1007.7,0,80.24000000000001,170,5.5925,1217
108,9149,2023-08-27 13:52,23,,263.0,301.0,76.377,26.033,27.386,22.958,34,62.24,65.0,1007.7,0,78.98,151,5.5925,1217
109,9149,2023-08-27 13:53,23,,264.0,300.0,76.211,26.046,27.26,22.905,35,62.24,66.0,1007.7,0,78.62,166,8.276900000000001,1217
110,9149,2023-08-27 13:54,23,284.0,264.0,,76.252,25.972,27.332,22.948,36,62.24,66.0,1007.7,0,78.08000000000001,159,5.5925,1217
111,9149,2023-08-27 13:55,23,286.0,263.0,299.0,76.167,25.979,27.292,22.896,37,62.42,66.0,1007.7,0,77.9,179,4.9214,1217
112,9149,2023-08-27 13:57,23,285.0,265.0,300.0,76.196,25.94,27.411,22.845,38,62.42,66.0,1007.7,0,77.53999999999999,179,6.711,1217
113,9149,2023-08-27 13:58,23,,263.0,299.0,76.219,25.985,27.349,22.885,39,62.42,68.0,1007.9,0,77.36,157,6.0399,1217
114,9149,2023-08-27 13:59,23,286.0,263.0,,76.207,25.953,27.384,22.87,40,62.24,68.0,1007.7,0,76.82,167,6.0399,1217
115,9149,2023-08-27 14:00,23,284.0,264.0,301.0,76.484,26.051,27.448,22.985,41,62.42,68.0,1007.7,0,76.82,159,5.3688,1217
116,9149,2023-08-27 14:02,23,285.0,262.0,300.0,76.27,25.899,27.473,22.898,42,62.42,69.0,1007.7,0,76.82,170,6.711,1217
117,9149,2023-08-27 14:03,23,286.0,263.0,,76.364,25.83,27.611,22.923,43,62.6,69.0,1007.9,0,76.82,196,6.0399,1217
118,9149,2023-08-27 14:04,23,284.0,263.0,301.0,79.87,25.925,27.714,26.231,44,62.78,69.0,1007.7,0,77.18,194,6.0399,1217
119,9149,2023-08-27 14:06,23,285.0,264.0,,94.284,45.341,26.361,22.582,45,63.14,68.0,1007.7,0,79.52,184,6.4873,1217
120,9149,2023-08-27 14:07,23,,263.0,323.0,75.363,25.94,26.758,22.665,46,63.5,67.0,1007.7,0,80.42,151,6.0399,1217
121,9149,2023-08-27 14:08,23,287.0,266.0,302.0,75.019,25.781,26.558,22.68,47,63.68000000000001,67.0,1007.7,0,82.4,192,6.0399,1217
122,9149,2023-08-27 14:10,23,286.0,264.0,,75.265,25.855,26.744,22.666,48,64.03999999999999,68.0,1007.9,0,83.12,191,7.8295,1217
123,9149,2023-08-27 14:11,23,287.0,266.0,303.0,75.132,25.815,26.749,22.568,49,63.86,70.0,1008.0,0,82.22,196,7.1584,1217
124,9149,2023-08-27 14:12,23,,266.0,304.0,75.024,25.816,26.749,22.459,50,63.86,69.0,1007.9,0,80.96000000000001,199,7.1584,1217
125,9149,2023-08-27 14:13,23,288.0,267.0,,74.917,25.641,26.723,22.553,51,63.68000000000001,69.0,1008.0,0,80.42,193,7.1584,1217
126,9149,2023-08-27 14:15,23,290.0,276.0,309.0,76.367,25.754,27.286,23.327,52,63.31999999999999,70.0,1008.0,0,78.98,177,7.8295,1217
127,9149,2023-08-27 14:16,23,288.0,267.0,315.0,75.396,25.769,26.828,22.799,53,63.14,72.0,1008.0,0,78.25999999999999,197,6.0399,1217
128,9149,2023-08-27 14:17,23,289.0,267.0,306.0,75.082,25.636,26.913,22.533,54,63.14,72.0,1007.9,0,78.25999999999999,192,6.4873,1217
129,9149,2023-08-27 14:18,23,290.0,276.0,307.0,74.468,25.552,26.816,22.1,55,63.14,71.0,1008.0,0,78.08000000000001,189,7.1584,1217
130,9149,2023-08-27 14:20,23,287.0,264.0,327.0,74.816,25.65,26.575,22.591,56,62.96,71.0,1008.0,0,77.72,195,6.0399,1217
131,9149,2023-08-27 14:21,23,,263.0,303.0,74.71,25.511,26.626,22.573,57,62.78,70.0,1008.0,0,77.36,170,8.276900000000001,1217
132,9149,2023-08-27 14:22,23,288.0,264.0,302.0,74.613,25.62,26.58,22.413,58,62.78,70.0,1008.0,0,77.0,180,6.711,1217
133,9149,2023-08-27 14:23,23,286.0,265.0,,74.483,25.432,26.618,22.433,59,62.78,69.0,1008.0,0,77.0,190,8.276900000000001,1217
134,9149,2023-08-27 14:25,23,,264.0,304.0,76.861,26.253,26.842,23.766,60,62.78,68.0,1008.0,0,76.64,157,6.711,1217
135,9149,2023-08-27 14:26,23,270.0,256.0,285.0,93.951,28.918,31.222,33.811,61,62.78,69.0,1008.0,0,76.64,162,6.0399,1217
136,9149,2023-08-27 14:27,23,278.0,262.0,,105.255,50.325,29.574,25.356,62,62.78,69.0,1008.0,0,76.46000000000001,161,7.1584,1217
137,9149,2023-08-27 14:29,23,231.0,152.0,202.0,116.1,33.973,39.016,43.111,63,62.78,73.0,1008.0,1,75.74000000000001,155,4.9214,1217
138,9149,2023-08-27 14:31,23,252.0,246.0,,2544.728,2476.799,30.948,36.981,64,62.6,76.0,1008.2,1,73.03999999999999,156,6.711,1217
139,9149,2023-08-27 15:14,23,249.0,146.0,,165.642,76.013,50.657,38.972,65,60.620000000000005,79.0,1008.2,0,67.82,159,4.474,1217
140,9149,2023-08-27 15:16,23,182.0,185.0,174.0,130.646,44.644,44.309,41.693,66,60.98,81.0,1008.2,0,67.82,175,6.711,1217
141,9149,2023-08-27 15:19,23,257.0,254.0,225.0,88.51,31.568,30.238,26.704,67,60.620000000000005,77.0,1008.2,0,67.28,162,7.8295,1217
142,9149,2023-08-27 15:20,23,280.0,265.0,244.0,85.116,29.682,29.371,26.063,68,60.44,77.0,1008.2,0,66.92,163,6.0399,1217
143,9149,2023-08-27 15:21,23,285.0,264.0,253.0,82.887,28.989,28.304,25.594,69,60.44,79.0,1008.2,0,66.74000000000001,188,6.0399,1217
144,9149,2023-08-27 15:23,23,,266.0,279.0,82.401,28.861,28.193,25.347,70,60.44,79.0,1008.4,1,66.2,134,7.1584,1217
145,9149,2023-08-27 15:24,23,286.0,264.0,263.0,82.247,28.646,28.288,25.313,71,60.26,79.0,1008.2,0,66.2,204,5.5925,1217
146,9149,2023-08-27 15:26,23,285.0,264.0,261.0,82.496,28.803,28.282,25.411,72,60.44,77.0,1008.2,1,66.38,161,6.711,1217
147,9181,2023-10-29 20:04,23,272.0,281.0,332.0,85.552,29.799,33.741,22.012,2,76.1,28.0,779.9,0,118.58,298,2.6844,1223
148,9181,2023-10-29 20:06,23,273.0,286.0,328.0,84.801,29.643,33.296,21.862,3,76.28,27.0,779.9,0,119.48,301,1.3422,1223
149,9181,2023-10-29 20:07,23,279.0,287.0,351.0,84.37,28.995,33.431,21.944,4,76.64,26.0,779.7,0,118.76,311,4.9214,1223
150,9181,2023-10-29 20:09,23,187.0,161.0,218.0,105.821,43.675,39.186,22.96,5,76.64,26.0,779.7,0,117.5,296,4.474,1223
151,9181,2023-10-29 20:10,23,277.0,286.0,353.0,84.193,28.94,33.502,21.751,6,76.82,27.0,779.7,0,117.5,285,4.474,1223
152,9181,2023-10-29 20:12,23,283.0,282.0,351.0,84.402,29.052,33.574,21.776,7,77.0,27.0,779.7,0,116.6,290,5.3688,1223
153,9181,2023-10-29 20:13,23,278.0,285.0,350.0,84.662,29.043,33.531,22.088,8,77.18,27.0,779.7,0,116.6,281,2.6844,1223
154,9181,2023-10-29 20:15,23,,284.0,347.0,84.906,29.165,33.787,21.954,9,77.72,28.0,779.7,0,116.96,318,6.0399,1223
155,9181,2023-10-29 20:16,23,276.0,286.0,345.0,85.0,29.287,33.66,22.053,10,77.72,28.0,779.7,0,116.96,317,4.474,1223
156,9181,2023-10-29 20:17,23,277.0,284.0,349.0,84.924,29.187,33.741,21.996,11,77.72,28.0,779.5,0,116.96,143,4.474,1223
157,9181,2023-10-29 20:19,23,276.0,286.0,339.0,84.901,29.271,33.522,22.108,12,77.72,27.0,779.7,0,117.32,274,8.276900000000001,1223
158,9181,2023-10-29 20:20,23,270.0,284.0,334.0,85.442,29.421,33.852,22.169,13,77.72,25.0,779.7,0,117.32,12,3.8029,1223
159,9181,2023-10-29 20:22,23,294.0,285.0,351.0,85.448,29.163,34.11,22.175,14,78.08000000000001,23.0,779.7,0,117.14,163,1.1185,1223
160,9181,2023-10-29 20:23,23,287.0,274.0,353.0,85.172,29.53,33.436,22.206,15,78.08000000000001,22.0,779.5,0,117.32,227,1.3422,1223
161,9181,2023-10-29 20:25,23,276.0,279.0,322.0,85.531,29.909,33.534,22.088,16,78.44,22.0,779.5,0,117.5,119,2.9081,1223
162,9181,2023-10-29 20:26,23,281.0,279.0,329.0,85.222,29.571,33.435,22.216,17,78.25999999999999,22.0,779.5,0,117.5,190,2.6844,1223
163,9181,2023-10-29 20:27,23,287.0,279.0,,85.542,29.684,33.604,22.254,18,78.08000000000001,22.0,779.4,0,116.78,187,2.4607,1223
164,9181,2023-10-29 20:29,23,285.0,277.0,328.0,85.457,29.6,33.756,22.101,19,77.9,24.0,779.5,0,117.86,258,6.711,1223
165,9181,2023-10-29 20:30,23,286.0,278.0,329.0,85.397,29.721,33.565,22.111,20,77.9,25.0,779.5,0,116.96,292,4.9214,1223
166,9181,2023-10-29 20:32,23,288.0,280.0,,85.097,29.567,33.364,22.166,21,78.08000000000001,22.0,779.4,0,117.5,280,7.1584,1223
167,9181,2023-10-29 20:33,23,291.0,280.0,,85.154,29.525,33.485,22.144,22,78.08000000000001,23.0,779.4,0,116.6,233,1.7896,1223
168,9181,2023-10-29 20:34,23,292.0,279.0,328.0,84.89,29.576,33.27,22.044,23,78.25999999999999,23.0,779.4,0,116.6,236,2.6844,1223
169,9181,2023-10-29 20:36,23,,280.0,,85.019,29.611,33.345,22.063,24,78.44,22.0,779.2,0,117.5,236,1.7896,1223
170,9181,2023-10-29 20:37,23,290.0,279.0,327.0,84.813,29.445,33.346,22.022,25,78.44,22.0,779.4,0,117.68,292,2.6844,1223
171,9181,2023-10-29 20:39,23,294.0,279.0,326.0,84.79,29.566,33.334,21.89,26,78.62,22.0,779.2,0,116.24,274,2.237,1223
172,9181,2023-10-29 20:40,23,288.0,279.0,327.0,85.131,29.526,33.476,22.129,27,78.44,22.0,779.2,0,116.24,263,2.6844,1223
173,9181,2023-10-29 20:42,23,278.0,281.0,330.0,85.709,29.879,33.708,22.122,28,78.25999999999999,22.0,779.2,0,115.7,345,0.0,1223
174,9181,2023-10-29 20:43,23,280.0,281.0,332.0,85.968,29.829,33.794,22.345,29,78.25999999999999,22.0,779.2,0,116.24,50,1.1185,1223
175,9181,2023-10-29 20:44,23,288.0,281.0,329.0,85.279,29.61,33.526,22.143,30,78.25999999999999,22.0,779.2,0,116.24,204,2.6844,1223
176,9181,2023-10-29 20:46,23,287.0,282.0,328.0,85.936,29.995,33.738,22.203,31,78.44,22.0,779.2,0,115.7,143,2.6844,1223
177,9181,2023-10-29 20:47,23,280.0,281.0,329.0,85.094,29.545,33.393,22.156,32,78.25999999999999,23.0,779.2,0,116.06,295,1.3422,1223
178,9181,2023-10-29 20:49,23,202.0,269.0,328.0,106.537,36.793,40.961,28.783,33,78.62,22.0,779.2,0,116.24,295,2.237,1223
179,9181,2023-10-29 20:50,23,169.0,206.0,178.0,151.15,57.986,44.377,48.787,34,78.62,21.0,779.0,0,116.24,291,3.5792,1223
180,9181,2023-10-29 20:53,23,247.0,253.0,281.0,1339.024,1254.551,35.376,49.097,35,78.62,22.0,779.2,0,116.06,167,2.4607,1223
181,9181,2023-10-29 21:15,23,281.0,281.0,334.0,129.393,72.367,35.195,21.831,36,78.80000000000001,21.0,778.9,0,113.0,299,4.474,1223
182,9181,2023-10-29 21:17,23,285.0,283.0,,84.067,29.233,33.049,21.785,37,79.52,21.0,778.9,0,113.0,312,4.9214,1223
183,9181,2023-10-29 21:19,23,287.0,289.0,335.0,82.998,29.005,32.637,21.356,38,79.7,21.0,778.9,0,113.0,292,3.5792,1223
184,9181,2023-10-29 21:20,23,297.0,291.0,352.0,84.014,28.516,33.857,21.641,39,79.88,21.0,778.9,0,112.82,311,4.0266,1223
185,9181,2023-10-29 21:22,23,294.0,283.0,,83.008,28.725,32.808,21.475,40,80.24000000000001,21.0,778.7,0,112.64,305,6.4873,1223
186,9181,2023-10-29 21:23,23,276.0,282.0,337.0,83.323,29.156,32.665,21.502,41,80.24000000000001,21.0,778.7,0,112.64,314,3.8029,1223
187,9181,2023-10-29 21:24,23,287.0,283.0,334.0,83.347,29.095,32.561,21.691,42,80.24000000000001,20.0,778.7,0,112.64,301,4.9214,1223
188,9181,2023-10-29 21:26,23,294.0,282.0,,83.317,29.036,32.641,21.64,43,79.88,20.0,778.7,0,112.1,316,1.7896,1223
189,9181,2023-10-29 21:27,23,296.0,282.0,332.0,83.409,29.119,32.665,21.625,44,79.88,20.0,778.7,0,112.1,311,3.3555,1223
190,9181,2023-10-29 21:29,23,288.0,281.0,,83.578,29.028,32.887,21.663,45,79.88,20.0,778.7,0,111.74,67,2.6844,1223
191,9181,2023-10-29 21:30,23,278.0,280.0,333.0,83.898,29.195,32.958,21.745,46,79.7,20.0,778.7,0,111.38,302,1.7896,1223
192,9181,2023-10-29 21:31,23,282.0,281.0,330.0,84.142,29.292,33.065,21.785,47,79.88,20.0,778.7,0,111.2,295,2.237,1223
193,9181,2023-10-29 21:33,23,287.0,283.0,332.0,84.063,29.273,32.957,21.833,48,80.42,20.0,778.7,0,111.2,296,3.5792,1223
194,9181,2023-10-29 21:34,23,293.0,279.0,,85.654,29.482,34.234,21.938,49,80.42,20.0,778.7,0,110.48,291,3.3555,1223
195,9181,2023-10-29 21:36,23,290.0,279.0,333.0,83.805,29.16,32.904,21.741,50,80.06,20.0,778.7,0,110.48,306,3.3555,1223
196,9181,2023-10-29 21:37,23,286.0,281.0,330.0,83.86,29.295,32.886,21.679,51,79.88,19.0,778.7,0,110.48,355,3.5792,1223
197,9181,2023-10-29 21:38,23,281.0,281.0,,83.768,29.22,32.721,21.827,52,79.88,19.0,778.7,0,110.48,150,0.8948,1223
198,9181,2023-10-29 21:40,23,287.0,281.0,328.0,83.759,29.298,32.779,21.682,53,79.88,19.0,778.7,0,110.12,257,2.237,1223
199,9181,2023-10-29 21:41,23,280.0,281.0,330.0,83.608,29.287,32.731,21.59,54,79.7,19.0,778.7,0,109.76,0,0.0,1223
200,9181,2023-10-29 21:43,23,282.0,280.0,328.0,84.033,29.229,33.017,21.787,55,79.7,19.0,778.7,0,109.58,276,2.6844,1223
201,9181,2023-10-29 21:44,23,283.0,281.0,329.0,83.568,29.182,32.81,21.576,56,79.7,19.0,778.7,0,109.76,290,3.5792,1223
202,9181,2023-10-29 21:45,23,284.0,282.0,,83.236,29.115,32.658,21.463,57,79.7,19.0,778.7,0,109.58,310,4.0266,1223
203,9181,2023-10-29 21:47,23,,281.0,330.0,83.238,29.164,32.662,21.412,58,79.88,19.0,778.7,0,106.7,235,4.9214,1223
204,9181,2023-10-29 21:48,23,289.0,280.0,329.0,83.297,29.124,32.679,21.494,59,79.7,19.0,778.7,0,105.8,108,4.0266,1223
205,9181,2023-10-29 21:50,23,284.0,281.0,330.0,83.146,29.046,32.551,21.549,60,79.88,19.0,778.7,0,105.08,145,2.6844,1223
206,9181,2023-10-29 21:51,23,289.0,282.0,329.0,83.128,29.176,32.437,21.515,61,79.7,19.0,778.7,0,105.08,307,3.3555,1223
207,9181,2023-10-29 21:52,23,288.0,282.0,330.0,83.189,29.159,32.494,21.536,62,80.06,18.0,778.7,0,105.08,319,4.9214,1223
208,9181,2023-10-29 21:54,23,291.0,282.0,328.0,83.12,29.192,32.397,21.531,63,79.88,19.0,778.7,0,104.54,232,3.5792,1223
209,9181,2023-10-29 21:55,23,289.0,282.0,330.0,82.913,28.948,32.345,21.62,64,79.7,19.0,778.7,0,103.82,291,2.4607,1223
210,9181,2023-10-29 21:56,23,293.0,284.0,329.0,82.773,28.984,32.33,21.459,65,79.52,19.0,778.5,0,103.64,306,3.8029,1223
211,9181,2023-10-29 21:58,23,294.0,284.0,,82.826,29.005,32.308,21.513,66,79.52,19.0,778.5,0,102.02,300,4.0266,1223
212,9181,2023-10-29 21:59,23,296.0,285.0,328.0,82.979,28.955,32.287,21.737,67,79.52,19.0,778.5,0,101.84,305,4.474,1223
213,9181,2023-10-29 22:01,23,298.0,285.0,,82.806,28.911,32.305,21.59,68,79.52,19.0,778.5,0,100.76,293,2.9081,1223
214,9181,2023-10-29 22:02,23,295.0,285.0,327.0,82.785,28.905,32.257,21.623,69,79.34,19.0,778.5,0,100.58,303,2.6844,1223
215,9181,2023-10-29 22:03,23,300.0,284.0,329.0,83.024,28.946,32.408,21.67,70,79.34,19.0,778.5,0,99.86,0,1.7896,1223
216,9181,2023-10-29 22:05,23,302.0,285.0,328.0,82.845,28.928,32.335,21.582,71,79.16,19.0,778.5,0,99.14,285,2.6844,1223
217,9558,2024-07-07 14:04,23,317.0,260.0,331.0,93.158,29.62,38.091,25.447,2,61.16,63.0,992.0,0,91.4,215,3.5792,1240
218,9558,2024-07-07 14:06,23,,256.0,325.0,93.373,29.733,38.034,25.606,3,61.34,62.0,991.9,0,91.4,235,4.474,1240
219,9558,2024-07-07 14:08,23,313.0,258.0,324.0,93.059,29.543,38.062,25.454,4,61.34,61.0,991.9,0,75.38,216,5.5925,1240
220,9558,2024-07-07 14:09,23,312.0,259.0,322.0,92.846,29.783,37.726,25.337,5,61.16,60.0,992.0,0,75.2,243,4.9214,1240
221,9558,2024-07-07 14:11,23,299.0,257.0,308.0,93.014,29.879,37.717,25.418,6,61.16,61.0,992.0,0,75.74000000000001,248,4.6977,1240
222,9558,2024-07-07 14:12,23,,256.0,302.0,92.939,29.816,37.648,25.475,7,61.34,61.0,992.0,0,77.72,251,4.6977,1240
223,9558,2024-07-07 14:14,23,297.0,255.0,305.0,92.798,29.718,37.603,25.477,8,61.52,60.0,992.0,0,78.80000000000001,256,3.5792,1240
224,9558,2024-07-07 14:15,23,296.0,257.0,302.0,92.933,29.786,37.646,25.501,9,61.7,61.0,992.0,0,78.98,320,4.474,1240
225,9558,2024-07-07 14:17,23,299.0,255.0,303.0,93.073,29.765,37.679,25.629,10,62.24,61.0,992.0,0,78.25999999999999,208,3.3555,1240
226,9558,2024-07-07 14:18,23,297.0,255.0,303.0,92.981,29.81,37.723,25.448,11,62.24,62.0,991.9,0,78.08000000000001,231,3.8029,1240
227,9558,2024-07-07 14:20,23,298.0,256.0,306.0,92.567,29.743,37.38,25.444,12,62.06,59.0,991.9,0,77.53999999999999,234,4.6977,1240
228,9558,2024-07-07 14:21,23,296.0,257.0,304.0,92.769,29.864,37.424,25.481,13,62.06,61.0,991.8,0,77.36,205,4.6977,1240
229,9558,2024-07-07 14:23,23,297.0,257.0,304.0,92.538,29.682,37.413,25.443,14,61.88,59.0,991.9,0,76.64,211,4.6977,1240
230,9558,2024-07-07 14:25,23,312.0,259.0,321.0,92.265,29.539,37.395,25.331,15,61.7,59.0,992.0,0,76.28,187,4.2503,1240
231,9558,2024-07-07 14:26,23,310.0,258.0,322.0,93.178,29.57,37.652,25.956,16,61.7,59.0,991.9,0,75.92,242,3.1318,1240
232,9558,2024-07-07 14:28,23,,258.0,326.0,94.873,29.588,37.832,27.453,17,61.52,62.0,992.1,0,75.74000000000001,242,3.5792,1240
233,9558,2024-07-07 14:29,23,308.0,253.0,321.0,95.323,30.198,37.694,27.431,18,61.7,61.0,992.1,0,75.74000000000001,276,3.3555,1240
234,9558,2024-07-07 14:31,23,285.0,241.0,303.0,104.619,34.216,41.761,28.642,19,61.52,63.0,992.0,1,73.75999999999999,103,3.3555,1240
235,9558,2024-07-07 14:33,23,293.0,253.0,306.0,96.53,31.395,38.624,26.511,20,60.98,67.0,992.2,1,72.5,230,1.5659,1240
236,9558,2024-07-07 14:34,23,296.0,256.0,313.0,93.646,30.17,37.757,25.719,21,60.620000000000005,67.0,992.1,1,72.14,299,3.5792,1240
237,9558,2024-07-07 14:36,23,298.0,255.0,309.0,93.086,29.764,37.685,25.637,22,59.72,68.0,992.2,1,71.78,210,2.0133,1240
238,9558,2024-07-07 14:37,23,296.0,255.0,303.0,92.891,29.758,37.613,25.52,23,59.36,68.0,992.1,1,71.6,266,1.5659,1240
239,9558,2024-07-07 14:39,23,317.0,257.0,330.0,93.96,29.631,38.141,26.188,24,59.18,68.0,992.2,1,71.42,169,1.7896,1240
240,9558,2024-07-07 14:40,23,316.0,255.0,306.0,95.612,29.917,38.761,26.934,25,59.18,68.0,992.2,1,71.6,251,1.7896,1240
241,9558,2024-07-07 14:42,23,299.0,248.0,302.0,103.771,30.626,43.153,29.992,26,59.18,67.0,992.3,1,71.6,225,2.237,1240
242,9558,2024-07-07 14:44,23,290.0,239.0,300.0,107.754,32.341,47.181,28.232,27,59.18,68.0,992.2,1,70.52,272,1.5659,1240
243,9558,2024-07-07 14:45,23,283.0,245.0,295.0,128.459,58.472,41.494,28.493,28,59.18,68.0,992.3,1,70.16,267,1.3422,1240
244,9558,2024-07-07 14:48,23,284.0,244.0,295.0,101.726,32.027,41.29,28.409,29,58.82,71.0,992.5,1,69.62,176,2.4607,1240
245,9558,2024-07-07 14:49,23,,242.0,294.0,103.271,32.255,41.744,29.272,30,58.82,70.0,992.5,1,69.25999999999999,240,2.0133,1240
246,9558,2024-07-07 14:51,23,286.0,240.0,296.0,103.229,32.454,41.623,29.152,31,58.64,73.0,992.4,1,69.25999999999999,207,3.8029,1240
247,9558,2024-07-07 14:53,23,287.0,240.0,302.0,104.304,32.626,42.125,29.553,32,58.28,73.0,992.5,1,69.25999999999999,230,3.8029,1240
248,9558,2024-07-07 14:55,23,288.0,238.0,298.0,104.82,32.729,42.557,29.534,33,58.1,74.0,992.5,1,69.25999999999999,224,3.1318,1240
249,9558,2024-07-07 14:56,23,291.0,240.0,300.0,105.216,33.108,42.763,29.345,34,58.28,75.0,992.6,1,69.80000000000001,247,1.1185,1240
250,9558,2024-07-07 14:58,23,284.0,241.0,302.0,105.202,33.118,43.02,29.064,35,58.28,76.0,992.5,1,70.34,218,3.3555,1240
251,9558,2024-07-07 15:00,23,292.0,243.0,300.0,103.075,32.953,42.03,28.092,36,58.28,75.0,992.5,1,70.16,240,3.8029,1240
252,9558,2024-07-07 15:01,23,291.0,243.0,296.0,100.273,31.87,40.87,27.533,37,58.1,76.0,992.5,1,70.52,232,2.6844,1240
253,9558,2024-07-07 15:03,23,295.0,245.0,302.0,97.843,31.757,40.227,25.859,38,58.28,77.0,992.5,1,74.84,242,4.0266,1240
254,9558,2024-07-07 15:05,23,297.0,250.0,297.0,117.678,53.115,38.585,25.978,39,58.28,78.0,992.5,0,76.28,245,3.1318,1240
255,9558,2024-07-07 15:07,23,,258.0,307.0,90.889,29.039,36.956,24.894,40,59.18,74.0,992.6,0,75.92,196,1.7896,1240
256,9558,2024-07-07 15:08,23,318.0,261.0,327.0,90.715,28.644,36.947,25.124,41,59.36,73.0,992.5,0,75.56,260,4.9214,1240
257,9558,2024-07-07 15:10,23,310.0,240.0,316.0,90.458,28.921,36.742,24.795,42,59.540000000000006,75.0,992.4,0,76.46000000000001,233,1.7896,1240
258,9558,2024-07-07 15:11,23,311.0,263.0,316.0,90.126,28.831,36.486,24.809,43,59.36,75.0,992.5,0,77.0,289,3.1318,1240
259,9558,2024-07-07 15:13,23,313.0,264.0,331.0,90.74,28.967,36.502,25.271,44,59.72,72.0,992.5,1,76.1,215,4.474,1240
260,9558,2024-07-07 15:14,23,309.0,265.0,331.0,90.406,29.201,36.6,24.605,45,59.72,73.0,992.5,1,76.1,241,4.474,1240
261,9558,2024-07-07 15:16,23,294.0,260.0,300.0,90.234,29.113,36.438,24.683,46,59.900000000000006,71.0,992.6,0,77.0,246,4.474,1240
262,9558,2024-07-07 15:17,23,296.0,260.0,301.0,90.148,29.107,36.306,24.735,47,60.08,69.0,992.5,0,76.82,103,2.0133,1240
263,9558,2024-07-07 15:19,23,295.0,260.0,300.0,90.068,29.132,36.381,24.555,48,60.26,71.0,992.5,0,77.36,232,2.6844,1240
264,9558,2024-07-07 15:20,23,296.0,261.0,299.0,89.96,29.038,36.352,24.57,49,60.26,72.0,992.6,0,77.36,225,3.3555,1240
265,9558,2024-07-07 15:22,23,,260.0,300.0,89.828,29.05,36.201,24.577,50,60.44,69.0,992.5,0,77.72,219,3.8029,1240
266,9558,2024-07-07 15:23,23,,260.0,300.0,89.916,29.163,36.248,24.505,51,60.620000000000005,69.0,992.5,0,77.9,230,3.1318,1240
267,9558,2024-07-07 15:25,23,295.0,263.0,307.0,89.718,29.121,36.186,24.411,52,60.44,69.0,992.5,0,77.36,241,1.5659,1240
